id,durationOfStay,gender,Age,kids,destinationCode,AcomType
1013319,2,F,38,0,BE,
1009485,6,M,37,0,ES,
1002725,1,M,37,1,ES,
1001133,5,F,50,0,UK,
1000794,4,F,42,1,DK,
1010220,4,M,NA,1,FI,
1011735,2,F,40,0,BE,
1003306,2,F,38,1,UK,
1005848,2,F,31,NA,ES,
1013199,3,M,37,0,NL,
1008136,1,F,43,0,FI,
1014024,5,M,34,0,NL,
1010151,5,F,46,1,NA,
1004880,3,F,36,1,BE,
1011592,2,F,40,1,ES,
1001905,4,M,45,NA,ES,
1002674,1,F,22,0,FI,
1008793,3,F,33,1,DK,
1000186,4,M,41,1,BE,
1013700,1,M,41,0,SE,
1009455,3,M,44,1,DK,
1011960,5,F,52,0,BE,
1000207,3,F,41,1,SE,
1008907,4,F,41,0,BE,
1006803,7,M,42,NA,UK,
1007868,3,M,41,1,NL,
1009268,5,F,41,0,ES,
1008726,3,F,39,0,DK,
1010892,4,F,39,0,FI,
1012617,2,F,37,0,IT,
1006848,2,M,29,1,FI,
1003313,4,M,43,1,NA,
1000190,3,M,44,1,BE,
1005582,3,M,47,1,SE,
1003788,3,F,43,0,UK,
1009678,5,M,NA,0,ES,
1001456,3,F,36,1,FI,
1007174,5,F,35,1,BE,
1004413,3,M,39,1,NL,
1011191,3,M,43,0,SE,
1010280,4,F,36,0,SE,
1001543,3,M,41,0,BE,
1009574,4,M,55,1,UK,
1011787,2,F,40,0,DK,
1010008,5,M,31,1,ES,
1005725,6,F,42,0,IT,
1001484,5,F,37,0,NL,
1005499,3,M,51,0,IT,
1010372,3,M,39,1,FI,
1003531,4,F,37,1,NA,
1002771,4,M,53,1,FI,
1010943,4,F,44,0,NA,
1001053,6,M,NA,0,FI,
1011113,3,M,44,1,IT,
1000410,5,F,39,1,IT,
1008786,3,M,33,0,ES,
1012898,4,F,35,0,NA,
1004781,4,F,36,NA,SE,
1001826,6,M,45,0,UK,
1006279,4,F,46,0,DK,
1001922,3,M,43,0,SE,
1010612,3,M,46,0,BE,
1008419,9,F,41,0,SE,
1010834,4,M,42,0,ES,
1005781,7,M,45,1,UK,
1002131,3,F,40,1,ES,
1009910,1,M,40,1,NL,
1003587,4,F,40,1,BE,
1005544,4,F,37,0,NL,
1007856,4,M,41,1,FI,
1005503,3,F,42,0,FI,
1005293,2,F,47,1,BE,
1006557,2,F,38,1,SE,
1006662,6,M,33,NA,NA,
1003284,3,M,48,0,NA,
1003319,3,M,41,1,DK,
1010160,4,F,40,1,FI,
1002057,5,F,48,1,FI,
1003863,7,M,29,0,IT,
1008553,3,M,41,0,ES,
1000198,2,M,49,1,BE,
1006575,8,M,31,0,SE,
1004538,4,F,40,1,UK,
1008801,4,M,45,1,FI,
1009319,5,M,40,0,SE,
1008689,3,M,NA,1,FI,
1008982,3,F,35,0,DK,
1013083,3,M,43,1,BE,
1009068,3,M,48,0,IT,
1007270,2,M,43,1,SE,
1006180,4,M,33,0,UK,
1004947,3,M,42,1,NL,
1008908,4,F,46,0,SE,
1012948,3,M,42,NA,FI,
1006912,11,M,38,1,UK,
1011394,4,M,47,NA,SE,
1010432,2,F,43,0,DK,
1009156,6,F,40,NA,SE,
1011361,3,M,45,1,IT,
1006891,3,F,40,NA,NA,
1007960,6,F,34,NA,BE,
1000213,8,M,30,0,BE,
1003616,2,F,39,0,BE,
1007560,5,F,38,0,BE,
1010097,3,M,36,1,UK,
1002869,3,F,40,0,UK,
1007444,5,M,43,0,ES,
1000949,1,F,44,0,SE,
1010879,2,M,41,NA,BE,
1007360,2,M,43,NA,SE,
1008117,3,M,35,NA,SE,
1003745,3,M,41,1,DK,
1010154,7,M,45,1,DK,
1004024,2,M,37,0,UK,
1012382,3,F,33,0,DK,
1006890,3,M,40,1,NL,
1009809,5,M,NA,1,SE,
1001241,1,F,41,0,DK,
1010513,3,M,45,1,DK,
1003072,5,M,36,0,ES,
1009031,1,M,35,NA,DK,
1005545,5,F,43,0,NA,
1009845,3,F,37,NA,IT,
1000046,4,F,27,1,SE,
1005163,5,F,38,0,SE,
1013260,4,F,54,1,NL,
1013793,7,M,38,1,NA,
1012737,2,F,30,NA,IT,
1008826,4,M,40,0,IT,
1000509,1,M,39,0,NL,
1005165,7,M,44,1,ES,
1011683,4,M,43,0,ES,
1008141,3,M,43,1,BE,
1010587,3,M,NA,NA,DK,
1005426,4,F,39,0,NA,
1013745,3,M,43,1,BE,
1011433,5,F,48,1,SE,
1013670,3,M,54,0,SE,
1009233,5,F,39,1,SE,
1013632,9,M,43,1,ES,
1013371,1,F,NA,0,SE,
1009814,6,F,35,1,UK,
1000977,5,F,NA,1,NL,
1010924,5,M,41,1,SE,
1005597,1,M,47,0,IT,
1003639,6,M,48,0,BE,
1007597,6,F,47,0,DK,
1003493,7,M,44,1,NL,
1002585,5,F,34,NA,IT,
1005336,2,M,41,0,SE,
1014049,2,M,40,1,IT,
1011166,3,M,57,1,BE,
1003485,9,F,44,1,BE,
1003282,6,F,46,1,UK,
1010019,2,M,41,1,DK,
1001099,3,M,38,1,UK,
1007958,5,F,45,1,UK,
1013679,2,F,34,0,IT,
1010341,2,F,37,1,FI,
1012892,3,F,48,1,NA,
1004208,5,F,39,1,UK,
1012772,3,M,39,1,SE,
1005065,4,M,38,0,BE,
1011419,4,F,33,1,ES,
1002760,2,M,41,0,NL,
1013300,2,F,38,1,UK,
1004566,3,F,38,NA,ES,
1006956,4,M,43,1,DK,
1010481,1,M,45,1,IT,
1009462,11,M,46,0,DK,
1001541,4,F,39,1,IT,
1003670,7,M,39,NA,BE,
1010597,2,F,51,1,NL,
1011347,4,F,39,1,UK,
1012652,3,M,42,0,IT,
1009464,4,M,39,0,NA,
1004683,4,M,35,0,DK,
1007500,5,F,47,0,UK,
1004597,5,F,NA,1,IT,
1013295,6,F,39,1,FI,
1003597,3,F,47,1,NA,
1013246,7,F,NA,0,DK,
1005525,2,F,39,1,SE,
1006218,4,M,37,0,FI,
1009380,4,M,45,0,UK,
1011391,3,M,39,0,UK,
1009891,2,M,50,1,IT,
1005604,6,F,41,1,UK,
1014078,4,F,34,1,SE,
1001765,3,F,40,1,DK,
1005467,6,M,41,0,NL,
1005679,1,M,35,0,ES,
1011101,3,M,44,1,NL,
1007417,1,M,48,0,ES,
1011143,7,M,35,NA,IT,
1001295,2,M,34,1,IT,
1009991,4,M,50,0,DK,
1013521,4,M,45,0,IT,
1005701,2,M,38,0,ES,
1011144,2,M,37,0,IT,
1005287,5,M,42,0,UK,
1010708,7,F,42,0,SE,
1005345,2,F,40,0,ES,
1001485,5,M,34,0,FI,
1007990,5,F,36,1,NL,
1006407,5,F,48,0,FI,
1010301,3,F,45,0,IT,
1004890,1,M,41,1,NA,
1001420,5,F,36,1,UK,
1013851,8,F,NA,NA,UK,
1007163,4,M,37,0,IT,
1000378,4,F,NA,0,NL,
1004091,4,M,36,1,DK,
1001153,2,M,50,1,FI,
1004290,1,F,44,0,IT,
1001554,3,M,33,1,NA,
1010568,2,F,37,1,NA,
1001507,5,M,39,1,NL,
1009577,3,M,48,1,UK,
1012875,3,F,45,1,NA,
1013105,5,F,35,1,SE,
1013966,5,M,34,0,NL,
1010129,6,F,41,0,DK,
1011230,2,F,NA,0,FI,
1011451,1,F,41,NA,NA,
1001091,3,M,37,1,FI,
1004642,3,M,36,NA,SE,
1000699,4,F,38,0,NA,
1003851,1,F,43,1,BE,
1007967,5,F,NA,0,DK,
1007053,3,F,41,1,SE,
1009010,4,F,37,1,DK,
1010241,5,M,34,0,NL,
1000667,5,M,40,0,ES,
1010653,1,F,32,1,BE,
1000354,4,M,39,0,NA,
1010748,2,M,45,1,ES,
1006147,2,F,36,1,DK,
1002272,6,F,32,0,FI,
1000515,5,M,35,0,ES,
1006414,8,F,43,NA,ES,
1002185,5,M,49,1,FI,
1002494,4,F,39,0,UK,
1000909,3,F,34,1,SE,
1005146,5,F,42,1,BE,
1003913,3,F,42,1,IT,
1013936,3,F,36,0,IT,
1011111,3,F,35,0,DK,
1012251,3,M,46,1,ES,
1005967,2,M,NA,0,UK,
1005924,2,F,45,1,UK,
1003794,2,M,40,0,NL,
1001509,4,M,42,1,BE,
1000167,3,F,43,NA,BE,
1001279,2,F,40,1,ES,
1011359,5,M,41,1,DK,
1002512,3,M,47,NA,DK,
1006437,2,F,36,0,DK,
1005911,3,F,37,1,ES,
1006510,4,M,34,NA,UK,
1000925,5,F,33,1,IT,
1008885,1,M,43,1,NA,
1006765,2,M,NA,1,DK,
1003248,2,M,38,1,IT,
1007214,7,M,45,0,IT,
1003941,3,M,NA,0,SE,
1007686,6,M,42,1,UK,
1001329,3,M,35,0,UK,
1003245,4,F,41,1,ES,
1002702,3,F,38,1,NA,
1009830,6,F,42,0,FI,
1009952,6,M,41,0,NA,
1011732,3,F,NA,0,UK,
1003514,3,M,33,0,FI,
1005504,3,F,41,1,IT,
1007555,3,M,36,1,DK,
1005461,5,F,46,1,BE,
1010007,3,M,NA,0,FI,
1004988,5,F,36,1,FI,
1001711,3,F,34,0,IT,
1006896,4,F,38,NA,NA,
1009334,3,F,36,1,DK,
1008683,4,M,41,1,NA,
1010647,3,M,46,1,ES,
1004127,4,F,44,NA,UK,
1009366,3,F,45,1,FI,
1009868,5,M,35,0,ES,
1007942,4,F,39,1,BE,
1000581,4,F,43,0,FI,
1012655,3,F,42,0,IT,
1000998,3,F,NA,1,IT,
1001003,3,F,40,0,BE,
1008536,4,F,34,0,ES,
1003904,2,M,36,1,NL,
1004323,4,F,50,0,IT,
1001275,1,M,42,NA,DK,
1009580,2,M,45,1,NL,
1013557,2,M,40,1,ES,
1005078,10,F,34,0,SE,
1007535,1,F,33,NA,FI,
1010017,5,M,40,NA,NA,
1010883,3,F,45,0,NL,
1011560,5,M,47,1,BE,
1005323,3,M,42,NA,DK,
1000253,3,M,42,1,ES,
1011526,6,M,41,0,DK,
1012970,2,F,29,NA,FI,
1002628,7,F,44,1,ES,
1004830,6,M,39,0,NA,
1002642,4,M,40,1,ES,
1010269,4,F,46,0,UK,
1013119,4,M,36,1,NL,
1008552,6,F,NA,0,UK,
1005642,4,M,39,NA,UK,
1004895,8,F,NA,NA,BE,
1003998,6,F,42,NA,DK,
1001028,8,F,31,0,NL,
1007662,3,M,44,1,BE,
1012671,4,M,39,1,NA,
1011776,2,M,41,1,SE,
1004547,2,F,34,0,FI,
1011958,5,M,47,1,IT,
1002006,2,M,NA,0,NL,
1001881,3,F,46,1,NA,
1005927,3,F,33,NA,ES,
1013562,3,M,43,1,DK,
1012969,1,F,NA,0,IT,
1007329,2,M,45,0,BE,
1006647,6,F,NA,0,SE,
1008391,5,M,NA,0,SE,
1000323,2,M,38,0,UK,
1000604,3,F,44,0,ES,
1002313,1,F,34,1,BE,
1003220,2,M,36,1,ES,
1008836,5,F,NA,0,ES,
1001096,10,F,37,1,BE,
1008805,3,M,35,0,UK,
1007200,10,F,44,0,ES,
1006176,6,M,38,0,NA,
1001645,3,F,43,1,DK,
1000419,2,M,32,1,NL,
1006680,3,F,42,0,BE,
1002822,3,F,36,0,DK,
1003986,3,M,44,0,NA,
1004525,5,M,37,NA,UK,
1004074,2,F,37,1,BE,
1006190,1,M,36,1,BE,
1013235,4,F,44,NA,NA,
1000850,5,M,37,1,IT,
1013303,2,M,42,0,BE,
1005275,1,M,42,1,IT,
1009934,6,F,36,0,ES,
1006729,2,M,45,0,NA,
1007379,5,F,39,0,BE,
1009853,3,F,40,0,ES,
1007182,2,F,29,1,FI,
1004213,4,F,36,1,FI,
1001336,5,M,42,1,SE,
1009992,3,M,31,1,DK,
1009238,3,F,43,0,UK,
1006406,5,F,31,NA,IT,
1008676,3,F,40,0,DK,
1012505,4,F,40,1,BE,
1002931,1,F,42,0,IT,
1008187,3,M,35,NA,ES,
1000406,4,F,36,0,DK,
1014052,3,M,45,1,UK,
1007207,6,F,41,0,ES,
1001242,3,F,42,1,UK,
1012965,4,M,42,1,NA,
1003358,5,M,38,0,BE,
1009399,4,F,41,1,NA,
1003528,3,M,41,NA,DK,
1006341,4,M,34,1,DK,
1007486,4,M,41,0,NL,
1008157,4,F,40,0,NA,
1004285,4,M,39,1,NL,
1014028,2,M,40,NA,DK,
1006220,7,M,42,1,DK,
1008401,6,M,43,1,NA,
1004453,3,M,NA,1,IT,
1012238,2,M,NA,0,SE,
1003223,5,M,39,1,IT,
1002862,4,F,NA,1,BE,
1006156,2,F,40,0,FI,
1009087,6,F,29,1,NL,
1005634,5,F,41,1,ES,
1009955,3,M,NA,0,UK,
1002182,2,F,40,0,FI,
1010711,1,M,39,0,NA,
1003829,4,M,NA,1,BE,
1003127,4,F,31,0,BE,
1002710,3,F,42,1,BE,
1008727,8,F,42,0,NA,
1003456,9,M,42,1,NL,
1008874,4,F,48,1,SE,
1012674,2,F,49,NA,NL,
1002387,6,M,36,0,NA,
1006957,2,F,39,1,SE,
1008351,4,M,33,1,NL,
1007149,3,M,NA,1,IT,
1000227,1,M,46,NA,ES,
1003170,4,M,38,0,UK,
1003896,6,F,44,1,UK,
1010256,4,M,39,0,IT,
1010525,3,F,43,0,UK,
1007630,6,M,37,NA,UK,
1011332,3,F,36,1,BE,
1000137,2,M,46,1,ES,
1012589,5,F,38,NA,FI,
1013779,1,F,37,0,SE,
1008230,3,F,48,0,IT,
1001101,3,M,36,1,SE,
1005119,5,F,29,0,UK,
1005260,4,M,40,0,BE,
1003459,4,M,33,NA,IT,
1001817,2,F,35,NA,IT,
1009731,4,F,43,0,UK,
1007911,6,M,36,0,ES,
1004342,2,F,40,0,FI,
1001783,5,M,45,0,NL,
1010770,3,M,35,1,SE,
1002641,5,M,NA,NA,IT,
1004825,3,M,39,1,ES,
1007355,2,M,34,0,BE,
1002706,2,F,41,1,IT,
1000847,8,M,41,1,DK,
1007688,3,F,43,1,NL,
1012634,5,F,39,0,UK,
1007819,5,F,NA,1,ES,
1009828,4,M,37,0,UK,
1008626,4,M,39,1,BE,
1010511,5,F,NA,0,ES,
1004135,9,M,35,1,BE,
1001163,3,M,30,0,BE,
1000561,5,F,49,0,IT,
1008702,4,F,43,0,UK,
1000103,3,F,39,0,DK,
1006723,6,M,46,0,FI,
1007633,5,M,37,0,SE,
1009026,6,M,35,1,BE,
1000232,3,F,31,1,NL,
1001353,4,M,39,1,NA,
1005606,4,F,29,1,ES,
1012293,5,F,43,1,SE,
1012725,4,M,37,0,ES,
1005712,2,M,44,1,SE,
1009930,4,M,40,1,NL,
1012510,4,M,33,1,IT,
1011237,9,F,45,NA,NA,
1012227,4,M,52,0,UK,
1010391,1,M,44,1,UK,
1001332,4,M,46,0,NA,
1010954,4,M,40,1,BE,
1005443,4,M,38,1,ES,
1008950,4,F,41,1,ES,
1000415,4,M,44,1,UK,
1013252,7,M,39,1,NL,
1002117,6,F,34,1,DK,
1005581,3,M,37,1,UK,
1003451,7,F,36,0,ES,
1009957,3,M,42,1,IT,
1000045,3,F,32,1,NL,
1011218,4,M,39,1,BE,
1002756,3,M,46,0,NL,
1011920,4,M,45,1,SE,
1010565,2,M,37,NA,IT,
1012242,2,M,43,NA,DK,
1003055,6,M,38,1,ES,
1011375,6,M,44,NA,DK,
1010718,4,F,NA,1,IT,
1007172,2,M,37,0,NA,
1009974,5,F,40,1,NL,
1004739,4,F,38,0,UK,
1008760,4,M,41,0,BE,
1002249,2,F,49,1,UK,
1010274,1,M,38,1,UK,
1007263,3,M,40,1,DK,
1004020,7,M,34,0,NA,
1013569,2,M,NA,1,NL,
1001662,1,F,33,1,FI,
1004589,6,F,52,0,FI,
1008216,5,F,39,1,ES,
1003096,4,F,30,1,DK,
1000916,2,M,44,0,ES,
1006916,1,M,NA,0,UK,
1006590,4,M,41,0,FI,
1004815,2,F,40,1,NA,
1004570,8,F,48,0,ES,
1006072,6,F,30,0,FI,
1011793,4,F,NA,0,NL,
1001914,3,M,42,NA,SE,
1007246,3,M,40,1,ES,
1009627,6,F,42,1,FI,
1011551,6,F,35,0,BE,
1000517,8,M,37,0,SE,
1008873,5,F,40,0,FI,
1010880,4,M,36,NA,DK,
1008713,4,M,32,1,FI,
1012814,6,F,47,NA,BE,
1001262,3,M,NA,0,BE,
1001350,5,F,45,1,FI,
1008024,2,M,40,1,SE,
1004349,3,F,36,NA,BE,
1002993,3,F,40,0,FI,
1007864,4,F,33,1,UK,
1005250,4,M,35,1,NA,
1009185,5,F,52,NA,BE,
1001460,2,M,45,1,NL,
1011723,7,F,41,0,DK,
1004762,4,M,39,1,ES,
1009852,4,M,41,1,DK,
1005630,5,F,43,1,FI,
1008378,5,M,37,1,NL,
1008169,4,M,40,0,UK,
1011537,4,M,NA,0,NA,
1002099,4,F,42,1,ES,
1008358,1,M,34,0,FI,
1012239,1,M,40,0,FI,
1007546,5,F,33,0,ES,
1000983,4,F,42,0,SE,
1000598,1,M,43,1,ES,
1002776,4,M,34,0,NL,
1011284,4,F,46,0,DK,
1002383,4,F,40,NA,NA,
1002239,2,M,31,NA,ES,
1013457,1,M,NA,1,NL,
1013309,3,M,41,1,SE,
1010841,2,M,32,1,BE,
1003341,2,F,43,1,IT,
1008871,4,F,44,1,SE,
1008499,2,M,47,1,IT,
1002601,4,M,NA,1,UK,
1012501,3,F,43,0,IT,
1006503,2,F,46,1,BE,
1013065,4,F,43,1,NL,
1007920,5,M,45,1,IT,
1001654,6,F,31,1,SE,
1002334,4,M,51,1,IT,
1005193,2,F,41,1,SE,
1006363,4,F,39,1,ES,
1009575,8,F,NA,1,BE,
1001307,5,F,39,0,DK,
1002961,4,F,31,1,DK,
1012477,1,M,46,NA,NA,
1010643,2,F,36,1,ES,
1006354,6,F,32,NA,DK,
1007614,2,F,38,0,FI,
1011177,7,F,40,1,SE,
1006788,5,M,46,0,NL,
1007143,6,F,42,0,UK,
1001428,2,F,39,1,UK,
1001609,4,M,37,0,IT,
1010435,4,M,43,1,IT,
1003219,1,F,NA,1,ES,
1010988,3,F,33,0,NL,
1002977,1,F,34,0,BE,
1005117,2,F,40,NA,DK,
1007979,3,F,43,0,FI,
1013865,3,F,31,0,ES,
1008821,3,F,37,1,SE,
1005693,7,M,52,0,FI,
1007782,7,M,39,1,BE,
1004609,5,F,35,1,ES,
1004664,2,M,NA,0,DK,
1007692,4,F,38,1,SE,
1004981,6,F,37,0,FI,
1013668,1,M,44,1,ES,
1009510,8,F,45,1,NA,
1000914,4,F,42,0,FI,
1011412,3,M,41,1,SE,
1009988,5,F,NA,1,NL,
1003519,3,F,32,NA,ES,
1012904,5,M,46,0,UK,
1011928,2,F,NA,0,FI,
1013571,6,M,44,1,BE,
1004807,5,M,42,1,NA,
1001996,9,F,NA,1,SE,
1003709,5,M,31,0,NL,
1009810,5,M,39,0,SE,
1008113,5,F,NA,0,SE,
1012565,4,F,43,NA,NA,
1013138,4,M,29,1,FI,
1002297,5,M,NA,1,BE,
1001024,8,M,31,0,NL,
1006870,3,F,39,0,DK,
1009027,5,M,40,1,SE,
1013433,5,M,35,0,ES,
1012467,4,M,NA,0,IT,
1001111,2,M,NA,0,NL,
1003883,6,F,38,1,ES,
1001983,4,M,41,1,SE,
1002871,5,F,37,0,NA,
1005096,4,F,39,1,DK,
1007980,5,M,35,1,DK,
1007189,1,M,36,1,ES,
1013759,4,F,45,1,FI,
1010953,1,M,43,0,IT,
1008476,5,M,45,0,NA,
1007583,1,F,40,1,ES,
1000124,2,M,47,NA,ES,
1001290,2,F,49,0,ES,
1003497,2,F,43,0,NL,
1007162,5,F,39,0,NL,
1007368,6,M,48,NA,SE,
1011930,5,M,34,1,IT,
1001839,5,F,43,1,ES,
1011018,6,M,36,1,FI,
1013940,6,F,37,1,NA,
1006305,4,M,47,0,BE,
1009660,6,M,43,1,ES,
1007572,6,M,39,0,UK,
1006302,3,M,41,1,IT,
1004513,1,F,40,1,FI,
1010287,4,M,NA,0,SE,
1012718,3,F,34,0,IT,
1013439,5,M,43,0,NL,
1003601,5,F,NA,1,UK,
1006614,3,F,41,NA,IT,
1008122,4,M,46,1,BE,
1004911,3,F,NA,0,DK,
1000530,4,F,43,1,DK,
1011737,3,F,43,1,DK,
1011006,4,M,50,0,ES,
1005272,4,M,39,1,SE,
1002747,6,M,40,1,SE,
1006988,4,M,45,1,SE,
1009351,5,F,39,1,SE,
1002806,5,M,44,0,NA,
1004793,5,F,42,0,DK,
1002636,1,M,47,0,SE,
1000922,4,M,37,0,UK,
1001898,4,M,NA,1,DK,
1002205,3,M,42,NA,FI,
1003131,3,F,22,0,UK,
1012844,2,M,NA,1,NL,
1007995,5,M,42,NA,DK,
1014037,4,F,39,0,SE,
1005897,5,M,42,NA,DK,
1012141,4,M,43,1,IT,
1011728,4,M,NA,0,BE,
1007664,5,M,41,0,NL,
1013041,5,M,44,NA,NL,
1010395,2,F,40,0,NL,
1012411,4,F,NA,1,SE,
1004191,6,F,37,0,NL,
1009368,1,M,37,1,UK,
1012887,2,F,30,1,ES,
1001025,3,M,44,1,DK,
1006037,2,F,48,0,IT,
1008289,4,M,39,0,NL,
1004653,3,F,NA,0,ES,
1011646,3,M,46,NA,DK,
1005453,2,M,45,1,FI,
1010985,4,M,37,1,NL,
1010627,1,M,41,0,DK,
1004070,7,F,44,0,ES,
1002546,6,M,40,1,IT,
1001970,4,M,42,0,NA,
1001544,3,M,43,0,SE,
1006327,2,M,51,0,NA,
1006251,4,F,36,0,DK,
1004267,4,M,38,0,SE,
1010383,5,M,NA,0,DK,
1005455,2,M,32,1,ES,
1000353,2,F,42,0,UK,
1011407,4,M,NA,NA,NL,
1007907,3,F,43,0,BE,
1003782,4,M,45,0,FI,
1001971,3,M,44,1,BE,
1009331,6,M,NA,0,BE,
1009384,3,M,43,1,NL,
1011932,2,F,46,0,BE,
1008429,3,M,41,1,ES,
1002301,4,M,39,1,DK,
1003510,2,M,39,1,BE,
1002808,8,F,33,NA,IT,
1012531,3,M,NA,1,NA,
1006624,4,M,NA,0,NA,
1013404,3,F,37,1,ES,
1009736,5,F,39,1,ES,
1000298,2,M,46,0,UK,
1005470,3,F,32,1,NA,
1012766,8,M,41,1,NL,
1006200,5,M,39,0,UK,
1009738,2,F,34,1,ES,
1012457,6,M,48,0,NL,
1011836,3,M,49,1,BE,
1003477,4,F,44,NA,SE,
1009576,4,F,43,NA,DK,
1007645,3,M,46,0,DK,
1006352,6,F,51,0,NA,
1013552,6,M,47,1,ES,
1007843,2,M,42,NA,NA,
1005301,3,M,32,0,ES,
1012116,1,M,43,NA,DK,
1012507,4,F,35,1,IT,
1007346,2,M,NA,0,NA,
1002730,5,F,40,0,IT,
1003979,2,M,35,1,NL,
1011876,5,F,38,0,NA,
1012660,5,F,42,0,NL,
1005573,1,M,37,1,IT,
1012795,4,M,NA,0,NL,
1003706,6,F,41,1,FI,
1007140,4,F,45,1,UK,
1002013,2,F,38,1,BE,
1011827,2,M,40,1,FI,
1002864,3,F,43,1,SE,
1002820,5,M,42,1,FI,
1009114,4,M,43,0,IT,
1003085,3,F,33,1,SE,
1007626,4,F,46,1,SE,
1006094,5,F,46,0,FI,
1010815,4,F,36,1,FI,
1006129,3,F,NA,0,BE,
1011845,6,F,NA,0,BE,
1012078,5,F,39,1,NA,
1011112,3,M,NA,0,UK,
1013977,3,M,39,1,UK,
1010804,10,M,47,0,SE,
1013166,7,F,46,0,IT,
1013302,4,M,34,0,NL,
1012890,3,F,42,1,ES,
1012764,4,M,39,1,BE,
1003406,1,M,37,0,UK,
1012706,2,M,45,0,NA,
1004834,1,M,42,0,SE,
1005789,6,M,39,1,FI,
1000511,3,F,51,0,ES,
1001682,7,F,40,0,NA,
1002194,5,F,50,NA,UK,
1012758,4,M,42,NA,UK,
1009183,6,F,48,0,NL,
1001744,4,F,40,0,NA,
1010730,3,M,32,1,BE,
1014014,4,M,44,0,ES,
1007332,2,F,NA,1,ES,
1004029,1,F,43,1,BE,
1000777,4,F,NA,0,ES,
1012182,1,F,NA,1,BE,
1008043,4,M,33,1,UK,
1011616,5,M,48,0,NL,
1002680,3,F,44,0,DK,
1001623,2,M,NA,0,UK,
1011715,3,F,37,0,UK,
1001795,3,M,40,0,SE,
1001732,4,F,48,1,UK,
1003729,2,F,45,1,DK,
1013179,3,M,43,0,IT,
1007388,4,F,49,0,NL,
1002188,4,M,37,NA,NA,
1011891,4,F,40,1,UK,
1012496,3,F,NA,1,BE,
1001453,6,F,34,NA,SE,
1013712,3,F,43,0,DK,
1008787,3,M,40,1,ES,
1000724,3,F,NA,0,NA,
1009058,5,M,46,NA,BE,
1005339,2,M,45,1,FI,
1004637,3,F,NA,NA,UK,
1012508,2,M,40,1,FI,
1013226,3,F,34,0,NA,
1003264,3,M,41,0,IT,
1006085,3,M,47,0,ES,
1013612,7,F,41,1,SE,
1002711,2,M,NA,0,NL,
1011857,5,F,41,0,ES,
1008560,4,F,47,0,NA,
1012637,5,F,44,1,BE,
1003431,3,F,34,1,SE,
1008177,3,F,33,0,BE,
1011464,1,M,NA,1,BE,
1003050,3,F,45,0,SE,
1004994,6,F,35,0,ES,
1001105,4,M,48,0,NL,
1013257,4,F,34,1,ES,
1008066,2,M,32,1,IT,
1010297,4,M,35,1,DK,
1003320,6,M,39,1,IT,
1005834,3,M,NA,1,NA,
1008067,2,F,46,1,ES,
1003855,3,F,39,1,BE,
1007272,5,M,41,NA,BE,
1003396,3,M,36,1,NL,
1011865,5,F,38,1,IT,
1013558,2,F,34,1,NA,
1012279,5,F,43,1,IT,
1000252,3,F,41,1,DK,
1001678,1,M,41,0,ES,
1013071,1,F,49,0,NL,
1012005,4,F,38,1,UK,
1007387,5,M,36,0,ES,
1010868,4,F,42,0,NA,
1002120,6,F,35,0,ES,
1006638,5,F,NA,NA,ES,
1006527,7,F,42,0,BE,
1008053,5,F,46,NA,FI,
1001284,3,F,41,NA,FI,
1012922,1,M,40,1,UK,
1002095,5,F,31,1,DK,
1008671,4,F,NA,1,FI,
1004587,4,M,41,1,NL,
1003032,4,F,51,0,DK,
1013038,4,F,40,0,UK,
1010184,6,F,47,0,IT,
1006243,3,M,46,0,BE,
1008200,2,F,30,1,ES,
1004159,6,M,38,0,SE,
1010501,5,M,44,0,NL,
1001947,4,M,37,1,NL,
1014038,6,F,35,1,ES,
1010753,5,F,39,0,ES,
1000878,4,F,34,1,FI,
1003351,2,M,42,1,DK,
1010588,2,F,43,0,UK,
1012779,2,M,29,1,NA,
1007975,3,M,50,1,SE,
1002953,5,M,38,0,BE,
1011564,7,F,44,0,DK,
1009150,1,F,43,1,UK,
1004788,3,M,32,0,IT,
1012906,5,M,36,0,NL,
1002583,3,M,NA,0,DK,
1011598,4,M,50,NA,UK,
1008468,7,F,45,1,SE,
1012769,5,M,40,1,DK,
1002157,5,M,41,0,SE,
1002319,2,M,NA,1,FI,
1009015,1,F,40,1,NL,
1001634,5,M,35,0,FI,
1002522,4,F,42,0,DK,
1013544,2,M,NA,1,FI,
1006987,4,F,48,0,SE,
1012535,4,F,30,0,NA,
1005531,3,M,43,0,ES,
1005827,5,M,47,0,BE,
1004179,5,M,NA,0,FI,
1007748,3,F,40,0,DK,
1008715,4,M,30,NA,IT,
1008272,3,M,33,0,UK,
1003482,5,F,34,0,SE,
1004562,1,F,30,1,NL,
1006989,2,M,40,1,NL,
1004882,3,F,40,1,ES,
1003589,5,F,51,0,NA,
1000456,5,F,48,1,DK,
1005595,4,M,44,1,DK,
1010757,8,F,31,0,ES,
1009408,3,F,37,0,DK,
1009254,6,M,35,0,FI,
1011926,4,F,NA,1,UK,
1013649,1,M,43,0,FI,
1009967,3,M,48,0,UK,
1003184,5,M,48,1,FI,
1007050,4,F,38,0,NL,
1002765,6,F,48,1,BE,
1007125,5,F,42,0,NA,
1006619,6,F,40,0,BE,
1004116,10,M,39,0,DK,
1001698,1,F,44,1,SE,
1004120,4,F,47,0,FI,
1008416,3,M,45,1,UK,
1011408,6,M,36,1,SE,
1007829,2,M,32,0,NA,
1007558,4,M,43,1,NA,
1006648,4,M,35,1,BE,
1005829,7,F,40,1,BE,
1005243,8,F,43,NA,UK,
1003241,3,M,42,1,FI,
1014043,3,M,38,1,DK,
1013412,5,F,39,1,DK,
1013289,3,M,NA,1,UK,
1011878,4,M,44,0,IT,
1012735,2,M,40,1,BE,
1003427,3,F,41,1,NL,
1011066,7,M,38,1,SE,
1004615,4,F,39,1,SE,
1007015,6,F,37,NA,DK,
1008656,3,F,41,NA,DK,
1009066,4,M,NA,0,IT,
1012807,6,F,44,1,IT,
1014007,6,F,34,1,IT,
1001908,2,F,36,1,NA,
1004211,7,M,44,1,NL,
1010299,3,M,43,0,NL,
1005741,4,F,34,1,BE,
1002867,5,F,NA,0,IT,
1004723,2,M,NA,1,ES,
1008462,4,M,44,1,SE,
1000849,4,M,42,0,SE,
1001532,6,F,38,1,IT,
1002713,6,M,35,1,SE,
1006951,5,M,37,0,NL,
1011565,3,M,NA,0,IT,
1008016,4,F,42,0,DK,
1007446,8,F,42,NA,FI,
1001366,3,F,45,NA,NL,
1004092,3,M,43,0,SE,
1010844,4,M,45,0,BE,
1009893,4,F,40,1,SE,
1011664,4,M,45,0,FI,
1009288,3,M,35,1,FI,
1011265,7,F,41,1,DK,
1000883,4,F,36,1,SE,
1001953,5,F,43,1,UK,
1001032,3,M,41,1,FI,
1005910,2,F,38,1,UK,
1009894,9,M,45,1,UK,
1008638,3,F,36,0,IT,
1001278,3,M,44,1,DK,
1008215,3,M,NA,1,DK,
1006938,5,M,44,0,ES,
1006767,3,M,46,1,ES,
1007978,2,M,38,0,FI,
1002170,4,M,40,0,UK,
1008894,2,M,40,0,BE,
1003668,4,M,45,0,ES,
1009985,6,F,42,1,BE,
1001568,5,F,42,0,FI,
1009377,8,M,42,1,FI,
1003310,4,F,39,NA,ES,
1006412,3,F,31,NA,FI,
1000995,8,M,41,0,DK,
1011658,2,F,40,0,FI,
1005483,5,M,35,0,DK,
1007116,4,M,44,NA,SE,
1009536,4,M,45,0,SE,
1005386,2,F,37,1,IT,
1002455,4,M,40,NA,UK,
1006754,2,M,46,0,SE,
1005144,6,M,43,1,BE,
1013108,3,M,44,0,BE,
1013817,4,F,50,0,UK,
1010912,6,M,45,0,UK,
1003909,5,F,40,1,SE,
1011476,3,F,NA,1,DK,
1002960,4,F,36,1,FI,
1008344,3,M,44,0,DK,
1005913,4,F,42,0,NL,
1002686,3,F,38,0,ES,
1008492,4,F,41,0,IT,
1010448,2,F,48,0,NL,
1009861,7,M,36,0,NA,
1000933,5,F,44,1,NL,
1012582,2,F,NA,0,FI,
1008729,7,F,42,0,IT,
1009388,2,M,35,0,IT,
1000873,5,M,27,0,UK,
1003763,3,M,40,0,NL,
1013952,4,F,46,1,NL,
1003452,3,F,37,1,NL,
1002599,3,M,49,1,FI,
1009661,8,M,NA,1,ES,
1012189,4,M,48,0,IT,
1005388,6,M,37,0,NA,
1001000,2,F,38,1,IT,
1013080,2,M,39,NA,IT,
1012397,5,F,46,0,NA,
1011550,7,M,34,1,SE,
1000403,4,F,46,0,SE,
1013577,4,F,37,0,SE,
1008274,4,F,42,1,ES,
1011507,3,F,44,0,DK,
1007071,6,M,46,0,UK,
1002156,4,M,37,1,IT,
1002547,3,M,NA,1,NA,
1000424,3,M,38,1,NA,
1007814,5,F,40,0,ES,
1003843,4,M,39,0,NA,
1005440,7,F,45,0,DK,
1012762,3,M,NA,1,ES,
1012698,2,M,41,0,FI,
1005113,5,F,43,0,FI,
1006685,5,M,44,0,UK,
1008595,7,M,36,1,NA,
1012790,1,F,36,0,BE,
1005266,2,M,38,1,FI,
1006028,3,F,NA,0,UK,
1001719,5,F,44,1,BE,
1008052,4,M,37,0,IT,
1003404,5,F,44,0,IT,
1008367,4,M,NA,1,BE,
1001518,3,F,41,1,SE,
1000470,4,F,33,1,DK,
1008665,3,M,39,NA,SE,
1007565,2,M,35,1,UK,
1008276,3,F,40,1,BE,
1004507,3,M,48,1,ES,
1013191,3,F,42,1,DK,
1004202,4,F,40,0,IT,
1007794,6,F,43,1,NA,
1000818,5,M,40,1,IT,
1011511,1,M,35,1,NL,
1012553,3,M,44,0,UK,
1002816,3,F,30,0,ES,
1009846,5,F,39,1,UK,
1013761,3,M,42,1,SE,
1008789,2,M,41,0,NL,
1009217,2,M,44,0,NA,
1006452,5,F,44,1,IT,
1008227,3,M,37,NA,BE,
1008581,4,M,44,0,FI,
1002543,5,M,37,1,ES,
1012621,4,F,39,1,NL,
1012224,7,F,43,0,UK,
1003091,4,M,45,1,NL,
1005206,2,F,41,1,DK,
1003061,5,F,30,1,DK,
1010577,4,M,NA,1,SE,
1004803,3,F,39,1,BE,
1004546,4,F,38,NA,BE,
1002891,3,F,44,0,BE,
1003382,3,F,31,1,NA,
1003869,3,F,38,0,ES,
1006709,7,F,36,0,BE,
1006684,3,M,41,NA,IT,
1012301,4,F,40,0,SE,
1002214,8,M,37,0,DK,
1003375,4,F,37,0,DK,
1001708,6,F,40,0,NL,
1002908,4,M,29,0,NL,
1006899,4,F,35,0,IT,
1002848,3,F,48,0,ES,
1003465,3,F,39,1,NL,
1003042,1,M,42,1,ES,
1007475,5,F,39,0,IT,
1000041,2,M,41,1,UK,
1008837,9,M,42,1,ES,
1013087,7,M,NA,0,FI,
1005216,3,F,41,0,BE,
1012331,4,F,42,1,ES,
1006905,4,M,42,1,ES,
1000305,8,M,42,0,NL,
1000230,3,F,41,0,UK,
1001116,4,M,45,1,IT,
1005817,5,F,41,1,NL,
1000861,3,M,45,NA,BE,
1008878,3,M,29,0,IT,
1000335,4,F,34,1,DK,
1001773,2,M,51,0,ES,
1003513,3,M,40,1,BE,
1001188,5,M,37,0,NL,
1005480,4,M,46,1,UK,
1008921,4,F,48,NA,IT,
1007815,2,M,43,NA,NA,
1010047,6,M,45,1,NA,
1003186,4,F,38,NA,IT,
1013449,4,F,49,0,SE,
1000374,6,M,36,1,NA,
1008286,3,F,34,1,IT,
1008291,7,M,40,1,DK,
1006589,4,M,35,0,ES,
1005084,2,M,36,0,FI,
1011894,4,M,46,1,NA,
1012929,4,F,NA,1,DK,
1006442,2,M,43,0,NA,
1013969,4,M,41,0,NA,
1013154,4,F,40,1,UK,
1007322,7,M,49,1,FI,
1010128,3,M,31,1,ES,
1009423,10,M,39,0,NL,
1008620,5,M,43,NA,ES,
1006571,6,M,50,1,IT,
1011584,5,M,47,0,BE,
1004795,5,F,41,1,UK,
1011026,3,F,41,0,NL,
1008733,2,M,42,1,UK,
1006525,1,M,28,NA,UK,
1009306,4,M,45,0,NA,
1011180,1,F,42,1,SE,
1001841,4,M,33,1,NA,
1014058,5,F,40,1,UK,
1002142,3,M,NA,0,ES,
1006948,4,F,49,1,ES,
1010865,4,F,37,1,SE,
1007034,5,M,38,0,IT,
1009237,7,M,38,1,FI,
1006419,1,M,41,0,ES,
1001468,4,M,42,0,IT,
1000478,4,F,43,NA,DK,
1011801,4,F,47,1,NL,
1001577,4,F,41,1,ES,
1007419,5,F,30,1,UK,
1000713,3,M,42,0,IT,
1011661,4,F,43,1,FI,
1003293,2,F,35,0,UK,
1013333,3,M,41,0,BE,
1013732,4,F,36,1,UK,
1013239,3,M,43,0,FI,
1004732,4,M,44,1,IT,
1005744,4,F,35,1,FI,
1006764,2,F,35,0,UK,
1002370,2,F,33,NA,NA,
1013323,2,F,34,NA,ES,
1002003,2,F,43,NA,ES,
1005212,6,M,NA,1,NA,
1009704,7,M,41,1,NA,
1006063,5,F,47,0,NA,
1013618,2,M,32,0,IT,
1012841,4,M,NA,0,BE,
1001387,3,F,NA,1,UK,
1010854,4,F,45,0,NL,
1001981,3,F,50,0,UK,
1013722,2,M,43,1,FI,
1000450,3,F,43,1,ES,
1006760,6,F,43,1,DK,
1008634,2,F,32,1,BE,
1004263,4,F,36,NA,DK,
1002158,4,M,41,1,NL,
1006672,3,F,38,0,NA,
1002520,3,M,45,0,FI,
1000784,3,F,41,0,NL,
1013855,8,F,33,1,ES,
1002720,2,M,NA,1,IT,
1009379,5,M,NA,0,NA,
1008440,3,M,NA,0,DK,
1003348,2,F,44,0,IT,
1010232,6,F,37,1,NL,
1010080,6,F,38,0,IT,
1003612,1,M,37,1,BE,
1008718,5,F,35,1,BE,
1012743,5,F,39,0,NL,
1013262,3,M,37,0,SE,
1011032,4,M,25,1,IT,
1001775,4,M,29,0,FI,
1005394,5,F,44,1,FI,
1013422,4,M,48,0,NA,
1001806,3,F,44,0,ES,
1008774,7,M,43,0,UK,
1002608,4,M,44,1,BE,
1008723,7,F,43,1,BE,
1004210,4,M,34,0,FI,
1005154,3,F,43,1,NA,
1000407,4,F,37,1,UK,
1009667,2,F,48,0,BE,
1004850,5,F,NA,1,BE,
1005406,5,M,NA,1,FI,
1009227,5,M,45,1,DK,
1000564,4,M,45,NA,UK,
1008236,4,F,46,0,DK,
1007859,4,F,44,0,NL,
1009927,5,F,48,1,UK,
1010362,2,M,40,1,DK,
1005555,4,F,39,0,NA,
1006457,3,M,35,1,NL,
1013564,5,M,41,0,IT,
1009626,11,F,40,1,NA,
1004044,4,M,44,0,NA,
1000322,5,F,43,0,NA,
1004332,6,M,NA,0,BE,
1004736,5,F,42,1,NL,
1005227,5,M,39,1,FI,
1008855,3,F,38,1,DK,
1013048,5,F,44,1,IT,
1010163,4,M,34,1,NL,
1003723,4,M,41,1,BE,
1013358,10,F,41,1,IT,
1013112,1,F,42,0,IT,
1007294,2,M,NA,0,NL,
1008840,5,F,NA,1,NL,
1001293,2,M,45,1,IT,
1001958,2,M,34,NA,DK,
1006934,7,M,41,NA,NL,
1008180,2,F,35,1,SE,
1010867,4,M,33,0,NA,
1002696,3,M,NA,1,SE,
1013128,6,M,45,1,DK,
1009332,5,M,44,0,SE,
1005773,6,F,39,1,ES,
1007830,5,M,50,1,ES,
1003981,3,M,45,0,SE,
1011830,4,M,38,1,IT,
1007345,4,M,43,NA,FI,
1013930,3,F,47,1,NL,
1009953,7,F,37,1,FI,
1007256,4,F,41,1,SE,
1009922,2,M,43,0,IT,
1003651,7,M,47,1,UK,
1009956,3,M,46,0,UK,
1008228,5,M,39,1,BE,
1001079,2,F,45,1,DK,
1006551,5,F,33,0,ES,
1003573,6,M,36,1,IT,
1006740,4,M,41,0,FI,
1011927,1,F,38,1,BE,
1003740,4,M,39,0,BE,
1013326,2,F,45,NA,NL,
1003063,6,M,NA,0,BE,
1010942,5,M,46,NA,ES,
1008746,2,M,40,0,SE,
1011151,3,M,46,0,IT,
1000812,2,M,46,0,UK,
1002609,4,F,45,1,NA,
1000361,5,F,38,1,SE,
1008145,4,F,46,1,BE,
1010439,3,M,38,0,UK,
1006194,4,F,38,1,FI,
1010700,3,F,39,1,ES,
1006322,3,M,43,NA,UK,
1005575,6,F,43,1,NL,
1013487,4,M,37,1,ES,
1003684,5,F,30,0,NL,
1000661,3,F,50,1,IT,
1010639,4,M,46,1,ES,
1012184,4,M,42,1,FI,
1006068,3,M,44,1,BE,
1003503,2,F,43,0,IT,
1009533,3,F,40,1,IT,
1005805,1,F,36,0,ES,
1008574,5,F,39,0,FI,
1008437,4,M,43,0,NA,
1002276,5,F,41,0,DK,
1007352,4,F,41,0,SE,
1013631,5,M,43,1,DK,
1011712,2,M,37,1,ES,
1000841,3,F,41,1,ES,
1000927,2,F,44,NA,SE,
1012971,5,M,40,1,BE,
1009436,3,F,39,0,UK,
1011696,2,F,49,1,UK,
1009049,5,F,44,1,BE,
1010316,4,F,50,1,IT,
1008210,1,F,40,0,SE,
1001528,6,F,41,1,BE,
1005577,5,F,52,1,FI,
1003152,5,F,37,0,UK,
1002085,4,M,52,NA,IT,
1013680,4,M,36,1,UK,
1010921,4,F,42,1,NL,
1004858,8,M,39,NA,DK,
1006153,6,F,41,1,NA,
1010509,6,F,33,0,NL,
1011708,5,F,42,0,ES,
1008598,2,F,NA,NA,SE,
1003755,4,M,38,1,NA,
1006855,6,F,44,1,NL,
1005520,4,F,40,NA,SE,
1008541,7,M,32,0,UK,
1007866,7,M,54,0,DK,
1009935,3,F,NA,0,UK,
1010727,3,F,36,1,SE,
1010925,4,F,43,0,NA,
1012992,4,F,41,1,DK,
1004337,5,F,49,0,NL,
1001010,6,F,39,0,NA,
1010138,4,F,47,NA,BE,
1009260,4,M,38,NA,FI,
1012646,2,F,NA,0,DK,
1010307,2,F,49,0,UK,
1003611,5,F,39,1,NL,
1014059,7,M,NA,1,ES,
1006779,5,M,45,1,NA,
1003814,2,F,37,NA,FI,
1004925,2,M,47,0,NL,
1004854,6,M,45,0,IT,
1011316,5,F,38,0,ES,
1001756,5,M,34,1,UK,
1002826,2,M,35,NA,BE,
1013113,8,M,45,1,ES,
1007766,7,F,31,1,NA,
1012835,2,F,NA,NA,NA,
1008570,4,M,45,1,NL,
1006733,6,M,41,1,UK,
1007579,4,M,35,0,NA,
1007930,6,M,38,0,SE,
1011047,10,M,43,1,DK,
1008870,6,M,38,0,IT,
1010756,2,M,44,1,BE,
1002881,3,F,36,1,UK,
1010683,3,M,NA,0,NA,
1010654,1,F,40,1,IT,
1005182,2,F,41,0,NL,
1001799,5,F,NA,0,NA,
1008545,4,M,39,0,NL,
1010828,3,F,46,0,ES,
1010382,3,M,36,1,FI,
1012341,3,M,44,0,ES,
1010359,2,M,36,0,IT,
1007167,4,M,40,0,FI,
1005228,3,M,46,1,NL,
1010974,3,F,44,0,ES,
1005166,4,F,45,1,IT,
1010987,4,M,44,1,IT,
1002363,3,F,54,0,IT,
1011320,4,M,44,0,UK,
1008249,3,M,47,0,UK,
1005347,4,F,45,1,SE,
1012180,2,M,42,0,BE,
1010600,3,F,35,1,ES,
1006732,3,M,44,1,BE,
1003137,4,F,35,NA,NA,
1003666,5,F,52,0,BE,
1005367,2,M,46,0,IT,
1011595,4,F,40,NA,UK,
1002809,5,M,41,0,IT,
1002941,5,M,39,1,SE,
1010836,3,F,NA,0,DK,
1003518,4,F,44,1,BE,
1013572,6,M,NA,1,NL,
1006559,4,F,43,1,DK,
1008086,3,F,40,0,FI,
1012020,7,F,35,1,NA,
1007735,1,M,45,0,SE,
1008489,6,F,47,NA,BE,
1012461,5,F,48,0,IT,
1006247,3,F,NA,0,UK,
1000086,5,F,34,0,UK,
1003957,4,M,46,0,BE,
1008248,8,M,41,0,ES,
1002966,3,F,39,1,UK,
1004908,5,M,42,0,ES,
1001943,3,F,36,1,FI,
1006151,3,M,47,1,NA,
1012541,3,M,37,0,IT,
1005870,3,F,37,0,DK,
1010146,4,M,37,1,FI,
1010976,3,M,43,0,DK,
1001973,1,M,41,0,ES,
1007197,5,F,45,1,FI,
1008270,4,M,35,0,NL,
1000858,3,F,50,0,SE,
1004385,5,M,42,1,NL,
1003215,4,M,37,0,BE,
1002678,3,F,43,0,DK,
1010320,2,F,42,0,IT,
1002679,3,F,51,0,FI,
1002786,4,F,35,0,ES,
1011009,4,M,37,0,NA,
1009688,4,F,35,0,SE,
1009265,5,F,43,NA,DK,
1010702,4,M,45,1,SE,
1007427,4,F,39,0,NA,
1007366,4,F,44,0,UK,
1006536,2,F,41,1,NL,
1010575,3,M,34,1,SE,
1000879,1,F,38,1,IT,
1007309,4,F,46,1,UK,
1006141,3,M,41,NA,DK,
1006204,6,F,41,NA,SE,
1006110,3,F,45,0,SE,
1005374,3,F,46,1,FI,
1012933,5,M,NA,1,DK,
1008469,3,M,49,1,DK,
1011014,4,M,46,1,SE,
1012485,4,M,NA,1,BE,
1006240,6,M,41,0,ES,
1001313,2,M,47,1,FI,
1009090,4,F,43,0,BE,
1009327,4,M,31,0,NL,
1010333,3,M,42,0,NL,
1004045,6,M,29,0,NA,
1011179,4,M,NA,0,NA,
1003417,5,M,39,1,FI,
1009517,3,M,35,1,NA,
1013538,4,F,NA,NA,UK,
1010424,3,F,NA,0,NA,
1002256,4,M,NA,1,UK,
1008357,5,M,41,0,NA,
1007785,4,F,41,1,UK,
1007996,8,M,42,0,IT,
1006338,1,F,33,1,FI,
1012543,5,M,50,0,ES,
1005438,2,M,37,NA,ES,
1006245,3,M,42,0,NA,
1012539,2,F,40,0,BE,
1013452,2,F,44,0,BE,
1013232,7,M,49,NA,FI,
1001585,7,F,46,0,NA,
1013217,2,F,44,1,ES,
1003092,3,M,37,0,NA,
1005308,7,M,48,1,NA,
1004715,4,F,40,1,FI,
1002100,7,M,45,NA,NA,
1007494,5,F,51,NA,SE,
1000003,2,M,37,1,NL,
1011371,4,M,32,0,ES,
1012471,4,F,45,1,NL,
1008345,5,M,35,0,DK,
1006198,3,M,32,NA,BE,
1012861,6,F,41,0,BE,
1001850,2,F,41,0,SE,
1000716,4,M,41,0,IT,
1006692,4,M,35,0,NL,
1001842,4,F,53,0,NL,
1008506,4,F,NA,1,SE,
1007442,2,M,39,NA,SE,
1003304,2,F,34,0,IT,
1001031,5,M,NA,1,IT,
1001902,4,F,38,0,UK,
1007641,1,F,34,1,DK,
1013508,3,F,48,1,ES,
1007576,1,F,43,0,FI,
1004565,4,M,36,0,NA,
1011326,2,M,32,NA,UK,
1006766,5,M,38,1,NA,
1001644,6,M,37,1,UK,
1008327,4,F,38,1,BE,
1004906,2,M,37,0,UK,
1010992,3,F,38,0,SE,
1008613,7,M,42,1,ES,
1010169,4,M,44,0,IT,
1009550,5,M,34,1,BE,
1010450,5,M,41,0,UK,
1010344,1,F,42,NA,NL,
1011001,6,M,NA,0,SE,
1007175,4,F,36,0,UK,
1007812,1,F,NA,1,NA,
1003818,3,F,29,NA,ES,
1003388,2,F,NA,1,DK,
1010209,7,M,32,0,FI,
1012882,3,M,40,0,SE,
1005733,3,M,34,0,IT,
1005915,4,M,51,1,IT,
1011713,3,M,44,1,SE,
1010848,6,M,46,0,IT,
1003314,4,F,39,1,UK,
1010625,4,M,37,1,DK,
1006332,5,F,35,1,SE,
1013152,6,M,37,0,ES,
1000370,5,M,48,1,DK,
1010541,4,F,NA,0,UK,
1007299,2,F,25,0,IT,
1001122,2,F,41,0,FI,
1008226,2,M,34,1,NL,
1002407,4,F,48,1,NL,
1006403,4,M,38,1,IT,
1011797,2,F,30,0,NL,
1007658,6,F,41,0,UK,
1000191,3,F,39,0,NL,
1009873,8,F,47,0,NL,
1000148,4,M,34,NA,DK,
1000703,3,M,37,NA,NL,
1004639,8,F,41,0,NL,
1005821,2,F,50,1,NA,
1007168,2,M,47,1,DK,
1012287,2,M,44,0,UK,
1012950,3,M,36,0,BE,
1010537,4,M,NA,1,NA,
1007443,4,M,39,0,FI,
1004853,4,M,37,1,FI,
1011480,1,M,44,1,FI,
1007467,5,M,42,0,SE,
1008020,6,M,39,0,BE,
1010899,5,F,40,1,NA,
1006508,1,M,45,0,ES,
1001002,3,M,40,1,SE,
1001478,4,F,34,0,IT,
1010092,4,M,48,0,NL,
1011924,4,F,42,0,IT,
1000892,3,M,34,0,NL,
1012696,6,M,42,0,IT,
1003517,7,F,41,1,BE,
1011136,5,M,49,NA,SE,
1000166,4,M,45,1,NA,
1008196,3,M,37,1,NL,
1005372,2,F,37,1,BE,
1009025,4,F,43,1,BE,
1013089,4,F,54,0,FI,
1006482,2,M,38,1,DK,
1006202,2,M,29,0,IT,
1005014,2,F,37,0,NA,
1000158,6,M,NA,0,NL,
1006270,5,F,46,1,IT,
1010833,3,F,38,0,IT,
1006023,6,M,43,1,DK,
1008152,4,F,37,0,SE,
1012910,6,M,47,0,SE,
1008474,5,F,39,1,DK,
1012707,4,F,NA,0,FI,
1009003,3,F,NA,0,ES,
1008806,4,F,46,1,UK,
1001417,3,F,42,1,FI,
1001019,2,M,34,1,FI,
1002227,8,M,39,0,IT,
1009234,1,M,36,0,SE,
1000756,2,M,36,0,FI,
1012516,3,F,40,1,ES,
1006983,4,M,35,1,FI,
1011366,3,F,39,0,BE,
1005514,3,M,41,1,IT,
1006749,5,M,47,0,ES,
1013421,4,M,51,1,SE,
1011631,2,F,42,1,FI,
1005405,1,M,40,1,UK,
1011588,2,F,34,0,SE,
1013833,3,M,NA,0,FI,
1010445,5,F,42,1,DK,
1009884,5,F,42,0,SE,
1000994,3,F,45,1,FI,
1007962,2,F,38,1,FI,
1009361,5,M,39,1,BE,
1004505,2,F,39,0,FI,
1011604,4,F,34,0,DK,
1009030,3,M,41,1,DK,
1004411,5,F,50,1,IT,
1002354,4,F,37,0,UK,
1006430,5,M,44,0,ES,
1000780,2,F,NA,1,SE,
1005881,6,F,42,1,FI,
1003064,6,F,30,1,FI,
1000944,4,F,46,NA,IT,
1002338,3,M,32,1,IT,
1004194,8,M,25,NA,UK,
1006499,2,M,54,0,NL,
1001703,3,F,47,1,NA,
1008502,3,F,39,NA,NA,
1005177,5,F,29,0,FI,
1005358,3,M,32,NA,IT,
1007749,8,F,37,0,IT,
1013160,4,F,41,NA,BE,
1001041,2,F,40,0,IT,
1008753,5,F,37,1,BE,
1004696,2,F,46,1,UK,
1011555,4,F,43,1,DK,
1002569,3,M,38,1,FI,
1000877,3,F,38,NA,ES,
1007105,7,M,NA,1,DK,
1008795,3,M,46,1,UK,
1001580,5,F,39,0,SE,
1005046,5,F,46,1,NA,
1013493,7,F,41,1,DK,
1009982,3,F,45,0,FI,
1006854,5,F,44,0,ES,
1012656,4,F,40,1,NL,
1008501,4,F,46,1,SE,
1008942,4,F,48,0,FI,
1001844,3,F,43,0,FI,
1013100,5,F,32,1,FI,
1010869,7,F,37,0,BE,
1003527,6,F,41,1,NA,
1013332,8,F,NA,0,IT,
1008615,4,M,47,NA,NL,
1004885,5,M,45,1,DK,
1008430,4,F,47,1,NL,
1012936,2,F,39,1,DK,
1010631,4,F,48,0,ES,
1000739,7,M,46,0,UK,
1000460,4,F,NA,NA,DK,
1001121,2,F,43,0,DK,
1005238,2,M,38,1,BE,
1011659,2,M,32,0,DK,
1009634,4,F,40,1,BE,
1011849,4,M,53,0,FI,
1005035,7,M,32,0,BE,
1011980,2,M,50,0,ES,
1010411,2,M,NA,1,UK,
1007676,4,M,39,NA,UK,
1008237,7,F,39,0,UK,
1009171,5,M,38,0,IT,
1002887,4,M,43,0,FI,
1007280,3,F,33,0,NA,
1012125,2,F,37,0,FI,
1006346,4,M,39,1,FI,
1000590,3,M,41,0,SE,
1011533,5,M,47,1,UK,
1006645,4,F,35,0,ES,
1001606,4,M,43,0,SE,
1007274,3,M,47,0,BE,
1013378,5,F,43,1,BE,
1001771,6,F,43,1,ES,
1007668,4,F,39,1,BE,
1009161,3,F,45,0,ES,
1002312,3,M,49,0,IT,
1000972,2,F,45,NA,NL,
1000160,6,M,36,NA,SE,
1003785,7,F,49,1,FI,
1013461,2,M,43,1,DK,
1009602,5,M,25,0,NA,
1005857,2,M,46,1,UK,
1010051,8,M,42,0,BE,
1001187,5,F,43,1,DK,
1007922,5,M,40,0,BE,
1009195,4,M,44,0,DK,
1004972,2,M,NA,1,SE,
1008382,5,M,46,1,ES,
1002084,7,M,NA,1,UK,
1011153,5,F,40,1,BE,
1002238,5,M,38,1,NL,
1000573,4,F,50,0,SE,
1014025,3,F,43,1,DK,
1006739,3,M,32,0,UK,
1012324,8,F,38,1,IT,
1007687,2,M,51,0,SE,
1010323,4,M,31,1,UK,
1004916,3,F,36,1,ES,
1013519,5,F,NA,1,ES,
1000646,4,F,31,0,DK,
1009212,3,F,39,0,SE,
1013233,1,M,37,1,UK,
1005205,2,M,33,NA,SE,
1001633,2,M,39,0,UK,
1010314,5,M,33,0,SE,
1006319,4,M,42,0,ES,
1012816,4,F,40,0,IT,
1008310,3,F,NA,0,BE,
1013877,3,F,40,0,NL,
1006449,6,F,39,1,IT,
1001540,6,F,NA,1,NA,
1009348,3,F,38,1,ES,
1009342,7,M,40,NA,FI,
1005085,5,M,44,1,IT,
1000042,5,M,43,1,FI,
1011917,4,F,NA,0,NL,
1009422,3,M,43,0,FI,
1003460,3,F,36,NA,IT,
1012001,4,F,33,1,BE,
1009461,3,F,NA,1,ES,
1007520,5,F,43,0,DK,
1004608,3,M,40,1,SE,
1002807,2,F,37,1,IT,
1002134,3,F,42,1,NA,
1008011,4,M,47,0,BE,
1007807,4,M,35,0,NA,
1012110,5,F,45,0,ES,
1001641,2,F,36,0,NA,
1009382,2,M,43,1,IT,
1012827,5,M,43,1,DK,
1013933,3,F,44,1,NA,
1005762,7,M,46,1,BE,
1012559,4,F,40,1,IT,
1004007,1,F,36,1,SE,
1013340,2,M,32,1,BE,
1011282,6,F,36,0,NL,
1002192,2,M,47,0,IT,
1006540,5,F,35,0,BE,
1010573,2,M,42,1,NL,
1004275,3,M,44,NA,ES,
1004172,3,F,39,0,NL,
1008334,3,M,39,1,ES,
1003669,2,M,41,1,ES,
1006163,4,M,42,0,SE,
1011773,4,F,42,1,BE,
1006744,3,F,40,0,IT,
1006168,6,M,44,1,DK,
1008317,3,F,42,1,NA,
1011294,5,F,30,0,FI,
1000027,5,M,37,1,NA,
1012422,5,M,36,0,IT,
1010590,2,F,33,NA,DK,
1013081,4,F,43,0,IT,
1008960,2,F,42,1,UK,
1001861,5,M,46,0,DK,
1002201,3,M,44,1,NL,
1006283,5,M,NA,0,NL,
1012190,2,F,41,0,UK,
1004265,2,F,50,1,UK,
1007498,6,M,44,1,NA,
1005672,3,F,40,0,UK,
1005330,6,F,41,NA,FI,
1007809,3,F,37,1,BE,
1011750,5,M,38,0,DK,
1012226,2,F,34,1,ES,
1006953,4,F,NA,NA,DK,
1011744,1,F,48,1,NA,
1002627,4,F,NA,0,BE,
1004471,2,M,NA,1,ES,
1000132,7,F,41,1,ES,
1012703,3,M,42,0,IT,
1010005,4,M,30,0,UK,
1009511,4,M,45,1,NL,
1009225,8,M,NA,1,NA,
1010233,5,M,39,1,SE,
1004054,3,M,38,0,NA,
1005262,1,M,35,NA,ES,
1010609,2,M,39,0,FI,
1005944,2,M,41,0,UK,
1001798,4,M,37,0,IT,
1010546,2,M,NA,0,DK,
1012250,4,M,41,0,ES,
1000797,2,F,43,0,IT,
1014074,2,F,36,0,UK,
1000536,3,F,44,0,SE,
1008869,4,M,48,0,SE,
1001630,5,F,36,0,ES,
1012666,3,M,39,1,FI,
1001865,2,F,37,1,BE,
1011340,5,F,37,0,FI,
1004187,2,F,39,0,NA,
1005958,5,F,33,1,ES,
1012144,1,M,42,1,SE,
1001152,2,M,43,0,NL,
1003533,6,F,45,0,FI,
1000951,4,M,32,1,UK,
1000733,6,M,33,NA,UK,
1010292,3,F,35,1,BE,
1013315,3,F,43,1,DK,
1006216,3,F,43,0,UK,
1010762,3,F,50,1,DK,
1003837,8,F,43,1,IT,
1013753,5,M,54,NA,NA,
1012097,5,M,43,0,BE,
1008820,4,F,36,0,NA,
1003302,2,M,37,0,IT,
1013580,5,M,37,0,FI,
1007490,3,F,37,0,IT,
1004022,4,M,46,1,DK,
1001965,4,M,40,1,BE,
1003192,5,F,51,1,UK,
1012640,8,M,41,1,BE,
1012958,5,F,44,0,NL,
1002656,5,F,44,1,SE,
1010611,6,F,47,1,ES,
1007723,4,M,NA,1,NL,
1002128,3,M,46,1,BE,
1004757,6,M,49,0,BE,
1003820,2,F,44,1,NL,
1006474,1,M,NA,0,UK,
1010277,4,M,41,1,NL,
1012098,1,F,47,1,NL,
1012273,4,M,38,0,NL,
1008068,3,F,42,0,IT,
1013344,2,F,41,1,NL,
1006827,5,M,NA,NA,DK,
1006661,5,F,NA,0,UK,
1011622,3,F,42,NA,ES,
1004185,6,M,40,0,IT,
1007666,3,M,47,0,BE,
1013992,3,F,38,0,SE,
1012734,2,M,47,1,UK,
1007760,5,M,45,NA,FI,
1001430,6,F,42,1,DK,
1001748,3,F,44,0,UK,
1013714,2,M,38,1,UK,
1011491,4,M,32,0,ES,
1000570,3,M,39,0,SE,
1002453,2,M,46,1,NA,
1002616,6,M,50,1,NL,
1011315,2,F,41,0,IT,
1013290,7,M,46,0,ES,
1011498,2,F,NA,NA,DK,
1008893,4,M,37,NA,UK,
1009822,5,M,41,1,NA,
1001843,4,F,NA,1,ES,
1011045,4,M,NA,0,NA,
1003832,3,F,42,0,BE,
1011331,3,M,32,1,DK,
1013447,3,M,41,0,BE,
1011354,3,F,NA,NA,BE,
1008916,6,M,41,0,UK,
1008668,3,M,43,0,UK,
1008007,4,M,40,0,ES,
1014065,4,F,43,NA,ES,
1005381,3,F,37,1,IT,
1010006,3,M,45,1,BE,
1004702,4,M,41,0,NA,
1011243,2,M,35,0,NL,
1003509,3,M,44,0,SE,
1005201,3,M,NA,0,ES,
1013914,3,F,44,0,IT,
1008369,4,F,45,1,ES,
1004316,3,F,41,1,ES,
1008680,4,M,44,0,FI,
1000428,3,F,43,0,NL,
1011365,4,M,38,NA,SE,
1010410,5,M,44,1,DK,
1013985,2,F,43,0,BE,
1009763,5,F,36,1,NA,
1012812,5,M,38,NA,FI,
1013711,5,F,NA,1,UK,
1006116,2,F,38,0,BE,
1013003,4,F,42,0,ES,
1012454,7,M,NA,1,NL,
1008648,2,M,36,0,NL,
1013240,4,F,51,1,SE,
1012439,5,M,48,0,FI,
1010022,5,M,39,0,BE,
1011126,4,F,37,0,FI,
1013211,6,M,41,1,UK,
1005226,4,M,39,1,BE,
1004909,1,F,41,0,NL,
1007463,3,F,39,0,SE,
1004527,3,M,42,NA,BE,
1003921,5,M,48,1,FI,
1004034,1,F,40,0,DK,
1001704,6,M,43,0,SE,
1001434,6,F,NA,1,ES,
1013366,4,F,32,1,BE,
1013539,3,F,35,0,NL,
1002750,1,F,41,1,NL,
1008014,5,F,52,1,ES,
1008850,4,F,36,0,FI,
1008421,6,F,38,1,NL,
1006888,3,M,42,1,UK,
1006493,3,F,39,0,DK,
1002572,3,F,40,1,ES,
1010176,5,M,41,NA,IT,
1003780,6,M,44,0,DK,
1002007,3,M,39,1,DK,
1012068,2,M,43,1,NL,
1008082,4,F,40,0,DK,
1010328,4,F,35,1,ES,
1005508,4,M,43,1,DK,
1001725,4,F,40,0,ES,
1006876,7,M,43,1,UK,
1006724,3,F,37,0,IT,
1002044,2,F,34,1,NL,
1010559,3,M,38,0,DK,
1011559,6,F,39,0,NA,
1002854,5,M,42,NA,UK,
1006056,3,M,44,1,BE,
1007087,6,M,42,1,UK,
1004959,2,F,37,1,UK,
1004025,3,F,40,NA,ES,
1009479,4,M,37,0,DK,
1002662,4,M,46,1,NA,
1003853,4,F,44,1,NL,
1004647,3,F,46,NA,UK,
1001001,2,F,41,0,FI,
1008379,2,M,40,NA,NL,
1001675,4,F,40,0,ES,
1000775,2,M,34,1,FI,
1013771,2,F,38,0,NA,
1012649,3,F,40,0,IT,
1002712,4,F,48,NA,NA,
1012794,5,F,NA,NA,ES,
1004676,6,F,43,0,NA,
1012080,5,F,33,0,IT,
1012392,6,M,36,0,UK,
1010367,8,M,50,NA,SE,
1001555,5,M,26,NA,SE,
1013482,1,M,44,1,ES,
1005309,7,M,46,1,FI,
1003667,6,M,NA,0,SE,
1005735,2,M,32,1,DK,
1012901,3,M,NA,0,UK,
1009307,3,M,NA,0,IT,
1003910,1,M,NA,1,BE,
1010745,4,F,NA,NA,IT,
1006307,3,F,38,0,NL,
1012266,1,F,44,1,ES,
1010255,3,F,41,1,NL,
1000675,6,F,41,1,IT,
1006696,7,F,43,0,FI,
1012365,5,F,37,0,FI,
1001924,4,M,NA,1,BE,
1008834,3,M,NA,1,UK,
1003738,5,F,NA,0,NA,
1003469,2,M,45,0,DK,
1011225,2,F,40,1,NA,
1009858,5,M,40,NA,ES,
1004082,1,M,39,1,UK,
1002448,4,M,44,1,ES,
1005017,3,M,55,0,NL,
1007194,2,M,45,1,FI,
1000244,3,F,43,1,BE,
1001584,4,F,39,0,BE,
1011503,6,M,39,0,DK,
1008205,5,F,32,NA,NL,
1006451,4,F,36,0,NA,
1007665,5,F,37,NA,BE,
1012862,6,F,NA,NA,IT,
1002171,6,F,40,0,SE,
1009558,6,M,41,0,BE,
1002129,2,F,NA,0,UK,
1010850,2,M,36,1,DK,
1008790,6,F,NA,1,ES,
1008393,3,F,38,0,SE,
1010672,3,F,36,0,UK,
1004819,3,F,43,0,FI,
1006201,4,F,42,1,FI,
1001921,4,F,37,1,SE,
1011075,4,M,49,0,NA,
1001986,5,F,46,0,UK,
1003894,6,F,39,0,FI,
1012832,2,M,43,1,UK,
1013910,2,M,44,1,UK,
1010667,2,F,42,0,ES,
1001885,9,M,45,0,IT,
1006467,2,F,35,0,FI,
1007464,4,F,45,0,IT,
1005737,3,F,NA,1,SE,
1010467,6,F,25,NA,NA,
1004270,5,M,37,1,SE,
1005729,4,F,44,0,NL,
1000063,2,M,44,0,NA,
1004936,6,F,52,1,SE,
1002507,2,F,36,0,SE,
1003824,4,M,44,1,IT,
1010455,2,F,NA,0,BE,
1004334,4,M,NA,1,BE,
1003379,1,F,48,0,FI,
1004132,3,M,47,1,NL,
1008337,5,M,49,0,NA,
1003627,3,M,46,0,UK,
1007234,6,M,35,0,NL,
1012959,2,F,50,1,FI,
1013285,5,M,42,1,NL,
1001298,5,M,41,0,DK,
1009723,9,M,38,0,DK,
1006464,2,F,44,1,DK,
1007005,6,F,29,1,UK,
1008528,6,F,40,1,DK,
1005527,1,M,39,NA,SE,
1013147,3,F,45,1,UK,
1013057,4,F,NA,0,DK,
1000578,4,F,44,0,UK,
1013450,3,M,47,0,NL,
1005540,2,M,40,0,DK,
1000371,5,M,37,1,SE,
1005299,3,M,39,0,NA,
1007055,4,F,42,NA,IT,
1008645,2,M,50,1,BE,
1007248,4,M,40,0,NA,
1005269,5,F,42,NA,BE,
1011879,10,M,45,1,IT,
1003410,5,M,44,0,SE,
1007788,6,M,38,0,ES,
1002735,6,F,43,0,IT,
1010406,5,M,38,0,BE,
1012834,4,M,36,0,ES,
1011731,3,F,30,1,UK,
1011157,3,M,42,NA,NA,
1004235,4,M,43,NA,FI,
1010267,5,F,44,0,UK,
1008971,1,F,36,1,SE,
1009246,2,F,41,1,SE,
1002745,2,F,46,1,UK,
1007243,2,F,35,NA,NL,
1003008,3,F,40,1,BE,
1012963,2,F,38,0,UK,
1001693,2,F,40,0,FI,
1004147,7,M,41,1,SE,
1003764,3,F,43,0,SE,
1003381,5,M,43,0,DK,
1006213,4,F,46,0,IT,
1013286,6,F,36,1,BE,
1003487,5,M,43,0,IT,
1007961,4,M,32,0,IT,
1010356,6,M,35,0,BE,
1004852,3,F,40,1,SE,
1011548,4,F,39,0,IT,
1001758,6,F,39,1,NA,
1001659,3,F,NA,1,BE,
1013904,1,M,35,1,NA,
1003247,6,M,42,1,BE,
1008697,5,M,35,1,NA,
1002873,4,F,38,0,SE,
1012304,1,M,34,1,NA,
1009778,2,M,39,1,BE,
1014046,4,F,29,0,NA,
1001408,5,M,35,0,NL,
1000520,3,F,47,1,NL,
1010100,4,F,44,1,SE,
1009862,1,M,40,0,FI,
1009648,2,M,44,1,IT,
1011558,5,M,42,0,ES,
1004397,2,F,40,0,NL,
1003291,4,M,37,0,IT,
1003997,3,M,52,0,FI,
1007905,2,M,47,1,ES,
1008917,4,M,35,1,NL,
1006282,7,F,40,NA,FI,
1001037,4,M,44,0,UK,
1012923,7,F,48,NA,SE,
1007288,3,F,42,1,NA,
1011381,3,M,41,1,UK,
1013953,2,M,44,0,ES,
1011345,3,M,34,1,IT,
1006477,3,M,45,0,ES,
1000431,5,F,37,NA,FI,
1007554,2,M,36,0,NL,
1007713,5,M,37,1,BE,
1011492,6,F,50,0,IT,
1011392,6,M,43,1,FI,
1011241,7,M,44,0,SE,
1004499,4,M,43,0,FI,
1000372,7,M,36,0,BE,
1000700,4,F,37,0,NL,
1008642,3,M,40,0,FI,
1006284,2,M,37,NA,NL,
1001051,4,F,NA,0,IT,
1004026,3,F,48,1,IT,
1000934,5,F,36,0,ES,
1009491,4,M,40,0,SE,
1010135,5,M,47,1,FI,
1013073,1,M,46,0,IT,
1011633,4,F,51,0,SE,
1012522,7,M,NA,1,DK,
1010470,7,F,40,0,IT,
1009497,5,M,46,0,FI,
1002640,2,F,NA,0,FI,
1000488,2,M,38,NA,SE,
1004084,2,M,49,0,NA,
1002502,4,F,41,1,BE,
1000034,3,F,NA,1,SE,
1006809,5,M,30,0,ES,
1008375,9,F,NA,1,BE,
1009594,4,M,34,1,BE,
1010510,7,F,39,NA,DK,
1007620,1,F,43,0,NA,
1010830,5,F,31,1,IT,
1001178,6,M,37,0,NL,
1001050,4,M,55,1,DK,
1010358,3,F,35,0,NL,
1008426,5,F,44,0,BE,
1006020,3,F,39,0,IT,
1009428,5,F,NA,0,DK,
1002365,4,M,42,NA,DK,
1007570,6,M,35,1,DK,
1007477,4,M,42,1,SE,
1005963,4,M,47,1,BE,
1003842,2,M,51,NA,UK,
1008467,1,M,46,0,NL,
1004465,3,M,43,1,NA,
1004928,4,M,41,1,ES,
1011506,2,F,38,1,NL,
1012071,5,F,41,1,BE,
1012928,6,M,NA,0,DK,
1001442,2,F,43,1,DK,
1009033,3,F,NA,NA,BE,
1003532,3,F,45,0,SE,
1009274,5,M,40,0,NA,
1002764,3,M,43,0,ES,
1003258,5,F,47,0,DK,
1003226,4,F,39,0,NL,
1009056,3,M,41,1,BE,
1005904,4,M,39,0,UK,
1009081,5,F,50,0,IT,
1011337,2,F,40,1,FI,
1000608,4,F,33,0,FI,
1001256,3,F,37,0,IT,
1000116,9,M,37,1,ES,
1005607,5,M,39,0,IT,
1011781,3,M,37,1,UK,
1000248,5,F,48,0,BE,
1011929,9,M,51,NA,UK,
1004814,5,F,38,1,ES,
1007746,2,M,38,1,NA,
1009109,6,F,35,1,SE,
1012231,4,F,41,0,DK,
1007702,4,F,NA,1,IT,
1012636,5,M,44,0,FI,
1002634,6,F,37,1,FI,
1004216,4,M,40,1,FI,
1011167,4,M,46,1,UK,
1001926,6,F,NA,NA,DK,
1013084,3,M,39,0,ES,
1013849,2,F,35,1,SE,
1006612,3,M,44,0,SE,
1000870,7,F,42,0,DK,
1005724,3,F,52,1,NL,
1005649,4,F,38,1,NA,
1001751,7,M,NA,1,NL,
1005995,3,F,44,0,IT,
1000225,2,M,52,1,UK,
1003712,2,F,45,1,FI,
1003680,5,M,34,0,FI,
1010018,4,M,33,0,FI,
1013301,5,F,41,0,NL,
1008769,7,M,43,1,NL,
1002958,4,M,39,NA,NL,
1005999,3,M,38,0,SE,
1007982,4,M,48,0,IT,
1001685,7,M,NA,0,IT,
1003048,5,M,41,1,UK,
1011041,2,M,41,0,FI,
1009535,3,M,NA,1,IT,
1002769,5,M,40,1,BE,
1006145,3,F,44,1,ES,
1004065,3,F,40,0,FI,
1012918,5,F,NA,1,ES,
1004183,10,F,NA,1,ES,
1000039,6,M,42,0,FI,
1001461,3,F,37,1,NA,
1012915,5,M,42,1,ES,
1005335,3,F,39,0,BE,
1009055,1,M,34,0,UK,
1004804,3,F,44,NA,DK,
1003275,5,F,48,1,NA,
1006165,5,M,38,1,ES,
1005041,3,F,41,0,DK,
1001065,4,F,35,1,DK,
1011370,4,M,NA,1,ES,
1005307,2,M,41,1,NA,
1007681,6,M,39,1,SE,
1010646,3,M,45,NA,UK,
1013835,2,F,34,0,NL,
1012165,6,F,45,0,ES,
1003551,6,F,39,1,UK,
1007316,4,F,45,1,NL,
1006413,3,M,NA,0,DK,
1009774,3,F,38,0,BE,
1008808,5,M,38,1,BE,
1009789,6,F,35,1,FI,
1003484,5,F,34,0,DK,
1000017,5,F,40,1,NL,
1009630,3,M,42,1,SE,
1000990,1,M,45,0,FI,
1000946,5,F,NA,1,NL,
1003420,7,M,40,0,FI,
1013382,2,F,NA,0,UK,
1011202,5,F,40,0,UK,
1009750,2,M,45,0,IT,
1013288,2,F,45,0,BE,
1010271,3,F,37,1,NL,
1012264,6,F,51,1,BE,
1012503,3,M,42,1,NA,
1002104,6,F,33,0,SE,
1011369,4,F,NA,1,NL,
1012318,4,F,41,0,DK,
1007177,5,F,NA,1,SE,
1002504,3,F,NA,0,DK,
1004801,5,M,40,0,FI,
1008573,9,F,39,NA,BE,
1011401,4,M,39,1,SE,
1011719,5,M,41,0,ES,
1010222,2,F,31,1,FI,
1004477,3,F,39,1,SE,
1004049,2,M,36,0,DK,
1008497,3,M,41,0,IT,
1013815,3,M,40,0,UK,
1007710,3,M,42,0,SE,
1005929,1,M,46,0,FI,
1000094,8,M,40,0,NL,
1010116,3,F,42,1,FI,
1010665,2,F,33,0,BE,
1002622,4,M,37,0,ES,
1001629,4,M,37,0,DK,
1011305,4,M,33,1,NL,
1012038,7,M,33,1,SE,
1012880,5,F,41,NA,NA,
1002741,1,M,48,1,NA,
1012855,4,M,39,0,FI,
1002322,5,F,36,0,ES,
1013448,3,F,36,0,SE,
1000705,4,F,48,1,NL,
1001877,2,F,40,1,ES,
1001266,5,F,47,0,BE,
1006627,2,F,40,0,BE,
1000721,3,F,39,0,UK,
1000485,1,F,NA,0,IT,
1003352,3,M,NA,NA,ES,
1008881,7,M,NA,NA,ES,
1005677,3,F,31,0,ES,
1009406,5,F,45,0,DK,
1001625,3,M,39,1,DK,
1007503,6,F,42,0,NL,
1013743,3,M,42,0,NA,
1003121,2,F,45,0,IT,
1011074,7,M,NA,0,BE,
1003892,5,M,41,1,NA,
1009909,3,F,33,1,FI,
1013698,4,M,41,0,DK,
1003117,3,F,33,1,UK,
1006281,5,M,NA,NA,NA,
1011197,7,M,NA,0,NA,
1004623,3,F,46,0,UK,
1010175,3,M,47,1,ES,
1009719,5,M,39,0,DK,
1005128,2,F,39,0,SE,
1011183,6,M,40,1,IT,
1004199,3,F,43,1,NA,
1011767,3,M,36,0,NL,
1008732,5,F,37,1,DK,
1005459,5,F,42,1,IT,
1011224,4,M,35,NA,NA,
1007657,5,M,34,NA,NA,
1001182,5,F,40,0,NL,
1006716,4,M,34,1,BE,
1012040,3,F,36,NA,BE,
1001258,7,F,44,1,NA,
1003089,3,F,37,0,FI,
1002344,2,F,39,1,UK,
1003687,3,M,39,NA,SE,
1014012,3,M,42,0,SE,
1001189,1,M,35,1,ES,
1011042,3,F,44,0,FI,
1007305,2,F,52,0,NL,
1007769,7,M,31,0,SE,
1000654,4,F,43,NA,NL,
1006715,4,M,30,1,SE,
1005118,3,F,44,0,DK,
1011443,3,F,33,NA,NA,
1006369,8,F,48,0,UK,
1009125,2,M,41,1,NA,
1003007,1,M,42,0,IT,
1008403,3,M,NA,1,SE,
1006683,8,F,48,0,UK,
1010528,4,F,39,0,UK,
1000181,3,M,NA,1,NA,
1007046,3,M,40,0,IT,
1011037,2,M,39,0,BE,
1013174,6,F,34,1,BE,
1004707,5,F,32,1,IT,
1011489,5,M,36,1,NA,
1008521,5,M,44,1,FI,
1003746,2,F,48,0,UK,
1001220,4,M,37,0,FI,
1005707,4,M,40,1,ES,
1013307,4,M,40,0,DK,
1009084,4,F,42,1,NA,
1000376,2,M,49,0,DK,
1006035,3,F,NA,0,UK,
1006840,3,F,46,0,UK,
1001083,3,F,38,0,DK,
1000875,5,F,48,1,DK,
1000727,4,F,41,1,IT,
1005746,8,M,39,1,IT,
1000001,6,M,40,1,DK,
1003149,5,F,50,0,NA,
1004302,2,M,37,0,UK,
1007701,4,M,45,1,IT,
1005639,6,M,31,1,UK,
1002271,5,M,40,1,NL,
1004398,4,F,36,1,UK,
1009768,3,F,43,1,UK,
1010444,5,M,33,1,NL,
1001927,3,M,31,0,ES,
1012419,6,M,33,0,SE,
1006560,5,F,40,NA,NA,
1003029,5,M,NA,NA,BE,
1001550,2,F,37,1,BE,
1004605,2,F,44,NA,DK,
1005534,4,F,41,1,SE,
1008240,5,F,36,0,BE,
1011947,3,F,50,1,NL,
1007113,2,F,36,0,NL,
1005352,6,M,40,NA,UK,
1004894,3,M,41,1,UK,
1008028,2,M,41,0,IT,
1007964,4,F,41,1,FI,
1008058,3,M,40,1,NA,
1003861,3,M,NA,1,IT,
1006496,2,M,47,1,DK,
1005969,4,F,37,0,ES,
1012381,2,M,36,0,NL,
1005583,7,F,45,1,SE,
1008666,2,M,NA,0,SE,
1010555,4,F,36,1,SE,
1004231,4,F,44,0,DK,
1009568,4,F,37,1,NL,
1009944,3,M,51,1,DK,
1006334,4,F,35,0,IT,
1009672,5,F,37,0,IT,
1008420,4,F,43,0,UK,
1005346,5,M,47,0,DK,
1004469,3,M,35,0,FI,
1010048,4,M,43,0,ES,
1001696,4,F,39,1,SE,
1002021,3,F,41,1,DK,
1002793,5,M,44,NA,ES,
1003191,4,M,50,NA,NL,
1011087,5,F,37,1,NA,
1000347,3,F,40,1,SE,
1000720,3,F,41,1,BE,
1009017,3,F,33,1,IT,
1003235,5,M,44,1,ES,
1006446,5,M,36,0,FI,
1010226,7,F,42,0,ES,
1002610,7,F,46,1,NA,
1009725,7,F,44,1,BE,
1002267,2,F,47,0,BE,
1007632,5,F,NA,1,ES,
1006794,4,M,34,1,IT,
1005501,3,F,37,1,ES,
1009116,5,F,42,1,SE,
1002649,6,M,42,1,DK,
1002699,3,M,39,1,IT,
1003168,5,F,NA,0,NL,
1008655,2,F,40,1,ES,
1004872,2,M,35,1,SE,
1008867,1,F,46,1,SE,
1007118,2,F,44,NA,SE,
1002853,4,F,50,1,NL,
1010025,3,M,37,1,FI,
1012247,3,M,41,0,ES,
1011346,4,M,40,0,DK,
1013560,4,M,46,1,NL,
1004318,6,F,47,1,FI,
1000976,4,F,44,0,NA,
1003363,4,F,NA,1,SE,
1003548,4,F,41,0,FI,
1011627,5,M,35,1,UK,
1010016,4,F,NA,0,FI,
1002110,4,M,39,1,NA,
1009173,4,M,43,0,FI,
1008049,5,M,31,1,IT,
1001164,2,M,38,1,SE,
1005083,2,M,27,0,ES,
1011629,2,M,32,0,SE,
1006460,2,F,40,1,IT,
1010514,7,M,36,1,NA,
1001655,4,F,35,1,IT,
1003329,3,M,NA,NA,IT,
1010890,2,F,43,1,BE,
1012731,3,M,50,1,FI,
1003816,2,M,NA,NA,UK,
1009338,3,M,NA,0,ES,
1006998,8,M,45,0,BE,
1007022,5,F,51,0,IT,
1007898,3,F,41,1,NL,
1006365,4,M,NA,1,SE,
1007795,5,F,36,1,BE,
1013297,4,M,46,1,UK,
1000639,7,F,42,1,IT,
1004719,3,M,44,0,ES,
1010535,3,M,44,0,BE,
1005854,8,M,29,1,BE,
1005484,4,M,37,NA,BE,
1009720,4,F,52,1,SE,
1010506,2,M,50,NA,NA,
1000619,2,F,40,0,NA,
1007721,3,F,45,0,SE,
1005094,3,M,47,0,DK,
1008473,3,F,54,0,ES,
1013998,7,F,39,1,UK,
1011376,5,M,50,0,FI,
1011951,3,F,42,1,IT,
1005539,2,F,42,1,BE,
1002172,5,F,42,0,ES,
1005068,3,M,43,0,DK,
1003453,3,F,35,0,BE,
1008943,4,M,NA,0,BE,
1008181,4,F,NA,0,ES,
1013517,4,M,46,0,NL,
1007651,3,M,40,0,NA,
1010975,2,M,NA,0,IT,
1001463,4,M,48,1,SE,
1002865,5,M,37,0,FI,
1000499,4,M,NA,1,SE,
1007255,4,M,47,1,FI,
1000987,9,F,31,1,BE,
1010905,4,M,42,0,BE,
1010002,3,F,39,0,ES,
1008684,3,F,51,1,DK,
1000740,2,F,41,0,IT,
1005795,4,F,41,NA,NL,
1000778,8,M,39,0,NL,
1012723,2,F,41,0,UK,
1003762,3,F,37,1,NA,
1000201,3,F,35,1,SE,
1006877,1,F,48,0,UK,
1012651,5,M,30,0,BE,
1014015,3,M,46,NA,BE,
1005179,2,M,45,0,NL,
1006588,4,F,47,1,DK,
1010516,4,M,NA,1,NA,
1013578,4,M,41,NA,ES,
1012452,3,M,45,0,BE,
1001600,4,F,44,1,NA,
1008202,7,M,33,NA,UK,
1011121,3,M,35,1,BE,
1007900,7,F,NA,1,FI,
1008865,3,F,NA,1,BE,
1008842,4,F,40,0,NA,
1008185,2,M,36,0,BE,
1009141,2,M,44,NA,NL,
1006623,2,M,NA,1,NA,
1013299,4,F,38,1,IT,
1008485,6,F,NA,0,UK,
1002207,5,M,45,1,NA,
1013427,2,F,49,1,FI,
1013368,2,F,38,0,NA,
1007135,3,M,49,1,UK,
1002078,1,M,37,1,ES,
1010282,1,F,35,0,BE,
1000440,3,F,40,1,IT,
1007059,2,M,36,0,DK,
1003714,3,F,45,0,BE,
1002841,4,M,NA,0,IT,
1006633,1,F,37,1,UK,
1005040,5,M,NA,1,NL,
1001231,5,M,38,0,NA,
1010394,5,F,41,0,BE,
1001499,4,M,37,0,NA,
1007363,2,F,43,0,FI,
1012062,1,M,41,0,ES,
1005998,3,F,34,1,IT,
1013839,3,F,49,NA,ES,
1007406,6,M,43,0,ES,
1002499,4,F,32,0,UK,
1009604,5,F,40,1,IT,
1007581,3,M,NA,0,FI,
1013655,2,F,39,1,IT,
1011249,6,F,42,0,NL,
1011647,3,F,37,0,BE,
1006780,5,M,44,NA,BE,
1002803,2,M,44,1,SE,
1000452,2,F,43,0,NA,
1003603,2,M,41,0,BE,
1004232,6,M,47,1,FI,
1011145,4,F,50,1,IT,
1010252,4,M,45,NA,FI,
1009836,3,F,43,NA,NL,
1002045,5,F,46,0,FI,
1000991,2,M,37,1,FI,
1000408,3,F,39,1,FI,
1006250,8,F,50,0,IT,
1000258,4,F,39,0,NL,
1006054,5,F,43,0,NA,
1005305,3,F,42,0,DK,
1009529,6,F,45,0,IT,
1001998,9,M,44,1,NL,
1006497,4,M,38,0,FI,
1005310,5,F,48,1,IT,
1010933,1,M,41,NA,FI,
1005334,4,F,47,1,BE,
1005710,4,F,36,0,DK,
1014085,2,M,39,0,FI,
1002797,2,F,42,NA,FI,
1002620,4,F,28,0,UK,
1003139,2,M,43,0,SE,
1009478,3,F,43,0,UK,
1000559,6,F,33,1,UK,
1000866,2,F,NA,0,NL,
1005316,2,F,NA,NA,NL,
1011911,9,M,47,0,DK,
1003862,3,M,44,1,NA,
1011981,7,M,38,1,NA,
1005972,7,F,42,1,BE,
1001932,5,F,38,1,SE,
1003483,7,F,40,0,FI,
1012214,5,F,39,NA,BE,
1008739,3,F,NA,0,IT,
1011417,2,M,37,0,SE,
1012919,2,M,42,0,DK,
1001564,3,F,43,0,NL,
1006778,4,M,33,0,NA,
1006339,7,F,39,NA,IT,
1003377,2,M,32,0,IT,
1007465,3,F,36,0,IT,
1006907,2,M,45,1,SE,
1001915,6,M,33,1,FI,
1000255,1,M,42,0,FI,
1005933,6,M,39,0,IT,
1004099,6,M,45,0,UK,
1001064,2,M,37,0,SE,
1001761,2,F,43,1,NA,
1000104,3,F,36,NA,FI,
1007589,3,F,38,0,FI,
1010774,4,M,43,1,NA,
1004475,8,F,40,NA,SE,
1008377,8,M,40,NA,BE,
1002949,1,F,41,1,BE,
1013125,4,F,51,1,IT,
1003849,3,M,41,0,BE,
1008691,4,M,41,1,ES,
1012679,3,F,31,NA,FI,
1004886,7,M,32,1,IT,
1000387,3,F,36,NA,IT,
1009587,4,F,44,1,SE,
1009605,3,M,43,0,SE,
1007708,5,M,47,0,IT,
1012235,2,F,39,0,ES,
1012658,9,M,37,1,NA,
1012306,6,M,50,0,DK,
1001636,6,F,39,0,FI,
1001563,5,M,37,1,SE,
1000899,4,M,45,0,UK,
1004878,3,M,40,1,SE,
1005143,4,M,40,0,NA,
1006029,6,M,38,1,DK,
1009994,3,M,36,1,SE,
1002980,2,F,39,1,FI,
1005136,3,F,NA,1,UK,
1013909,5,F,40,0,IT,
1004050,7,F,33,0,DK,
1012564,9,F,43,0,IT,
1009486,3,M,40,1,NL,
1000391,5,M,35,1,DK,
1006298,4,M,46,1,NA,
1001115,4,F,28,1,IT,
1005734,3,F,37,1,NA,
1003212,3,M,41,0,SE,
1002486,5,F,45,1,FI,
1002412,3,M,41,0,ES,
1003496,6,F,41,1,NL,
1013139,5,F,43,1,UK,
1013777,3,M,43,0,NA,
1007069,3,F,44,1,IT,
1013123,5,M,37,1,DK,
1003213,4,F,43,1,IT,
1008562,5,M,40,1,UK,
1003368,7,M,30,NA,SE,
1003530,2,M,39,0,BE,
1007514,5,M,43,0,FI,
1009610,3,F,34,NA,BE,
1006658,5,F,44,1,ES,
1012362,5,F,NA,0,BE,
1007849,4,F,48,NA,NA,
1012069,3,F,NA,1,UK,
1000534,5,F,38,1,FI,
1013330,5,M,43,0,NA,
1010997,2,M,43,0,SE,
1006114,4,F,49,0,UK,
1013979,3,F,38,1,IT,
1011114,6,F,45,1,UK,
1004173,4,M,36,0,SE,
1008198,4,F,NA,0,SE,
1011795,3,F,40,1,BE,
1010615,3,F,44,NA,UK,
1004884,3,F,41,NA,NL,
1012006,2,F,32,0,UK,
1006164,3,F,40,1,BE,
1013165,3,M,41,0,IT,
1000344,7,F,33,NA,FI,
1013607,7,F,44,1,ES,
1008262,3,M,45,1,NA,
1011095,2,F,38,1,FI,
1003648,3,M,40,0,NL,
1011038,4,M,41,0,DK,
1000689,2,F,42,0,FI,
1013840,3,F,46,1,SE,
1003002,6,F,41,0,SE,
1004668,7,M,48,1,NA,
1001352,4,M,51,0,UK,
1002778,4,M,NA,0,NL,
1007889,3,M,45,1,UK,
1008530,5,F,24,NA,DK,
1011510,6,M,43,0,IT,
1006783,2,F,37,0,FI,
1006599,4,M,46,1,IT,
1010489,5,M,45,0,NA,
1007540,2,F,51,0,ES,
1008957,3,F,38,1,BE,
1009821,6,M,NA,1,FI,
1001012,6,M,45,1,UK,
1013886,3,M,37,1,DK,
1008089,8,M,39,1,FI,
1012140,5,F,37,0,BE,
1005524,4,M,37,0,IT,
1006923,4,M,41,NA,ES,
1006817,3,F,31,0,BE,
1013639,7,M,50,1,NA,
1007093,5,M,44,NA,IT,
1010243,3,F,NA,1,SE,
1003581,4,F,39,0,BE,
1010291,5,M,43,1,UK,
1002586,5,M,47,1,BE,
1000285,4,F,39,NA,IT,
1004806,4,F,NA,0,SE,
1006617,5,F,41,0,FI,
1006321,1,M,40,0,IT,
1008796,3,M,38,NA,IT,
1013432,1,M,43,NA,UK,
1006223,5,F,26,1,UK,
1012367,5,M,34,0,UK,
1003566,5,M,37,1,BE,
1006852,2,F,44,0,UK,
1004794,6,M,34,0,FI,
1003588,3,M,47,0,UK,
1009168,5,M,33,0,SE,
1005048,1,M,46,1,UK,
1009192,4,M,45,0,ES,
1001129,4,F,40,1,NA,
1000033,2,F,33,0,UK,
1004817,7,F,44,1,FI,
1003000,4,M,40,0,NL,
1001439,6,F,47,0,DK,
1005511,1,M,37,1,SE,
1002852,6,F,36,0,BE,
1007751,7,F,38,1,ES,
1003877,3,F,46,0,FI,
1012727,4,F,38,0,BE,
1008036,5,M,34,1,IT,
1009386,1,F,39,0,BE,
1008852,2,M,49,0,ES,
1004484,7,M,28,0,BE,
1007220,3,F,43,1,IT,
1008094,5,M,39,NA,IT,
1004724,4,M,43,1,NA,
1001624,5,F,45,0,NL,
1006377,8,F,42,1,FI,
1012563,6,M,NA,1,UK,
1003825,3,M,37,1,UK,
1001959,4,F,41,0,NA,
1004969,6,M,42,1,ES,
1002568,4,F,37,1,UK,
1006695,3,F,35,0,NA,
1012401,3,F,35,1,SE,
1003515,4,M,44,1,FI,
1007994,1,M,42,0,ES,
1005134,4,F,NA,1,DK,
1005049,9,F,44,1,FI,
1008418,4,F,44,1,DK,
1013807,4,M,35,1,UK,
1006713,4,F,NA,0,UK,
1000031,2,M,39,1,NL,
1011543,5,F,44,0,IT,
1007079,4,F,NA,1,NL,
1011600,7,F,40,1,ES,
1006207,5,F,36,1,SE,
1010571,5,F,49,1,NA,
1000584,6,F,40,1,SE,
1011975,4,F,46,1,ES,
1007891,2,M,51,1,NL,
1006791,5,F,40,1,IT,
1001253,3,M,42,0,NA,
1007615,2,F,39,NA,BE,
1012393,2,M,43,1,DK,
1002472,6,M,48,1,DK,
1001320,3,M,NA,0,NL,
1001549,8,M,39,0,SE,
1005824,4,F,41,NA,SE,
1009615,4,M,42,NA,DK,
1002113,2,F,45,NA,UK,
1005979,1,F,38,0,ES,
1003791,6,M,45,1,NA,
1009622,5,F,NA,NA,DK,
1013961,3,F,32,1,NL,
1003084,1,M,43,1,UK,
1002373,2,M,42,0,ES,
1002260,2,M,38,1,UK,
1004113,3,M,38,0,DK,
1005009,3,M,47,0,IT,
1006439,2,F,40,1,BE,
1002781,2,F,NA,1,BE,
1010860,3,F,47,1,UK,
1011248,4,F,38,0,DK,
1007129,1,F,36,0,ES,
1013143,4,M,39,1,NL,
1009767,2,F,38,0,FI,
1010969,1,F,41,0,ES,
1008524,3,M,46,0,NL,
1009741,3,F,47,0,IT,
1001494,4,M,43,1,NA,
1007656,3,F,41,0,DK,
1006936,6,M,44,1,NL,
1012351,3,F,41,1,UK,
1013283,3,F,NA,1,SE,
1000629,5,F,41,0,SE,
1013342,5,M,40,1,UK,
1004711,8,F,38,0,NL,
1010132,6,F,51,1,NL,
1004073,3,F,41,0,SE,
1008974,6,M,48,0,BE,
1013784,3,F,43,0,NL,
1010493,5,M,43,1,NA,
1004260,2,M,43,1,DK,
1013724,3,M,47,0,ES,
1009943,5,F,47,1,DK,
1005627,5,F,46,0,DK,
1010124,4,F,45,1,NA,
1003005,8,M,44,0,DK,
1005319,4,F,33,1,UK,
1005739,5,F,41,NA,ES,
1011570,4,M,NA,NA,DK,
1002200,5,F,46,1,NL,
1010043,8,M,40,1,NL,
1000871,4,M,NA,NA,IT,
1013111,5,F,48,0,ES,
1013883,3,F,37,NA,NL,
1003498,3,M,43,1,NL,
1006952,5,F,37,1,NL,
1002443,2,M,42,1,SE,
1007993,3,F,46,0,BE,
1007101,6,M,42,0,ES,
1008650,5,F,39,0,DK,
1006262,1,F,37,0,DK,
1004961,2,F,43,0,DK,
1012763,3,M,36,0,NA,
1000693,4,F,46,0,IT,
1009093,8,F,46,1,IT,
1008296,3,M,40,1,DK,
1009271,3,M,36,1,ES,
1008387,4,M,39,1,SE,
1001233,2,M,43,1,SE,
1005908,4,M,45,1,DK,
1002840,6,M,NA,0,ES,
1005451,4,M,44,1,FI,
1002198,3,F,38,0,IT,
1012721,5,M,NA,0,SE,
1002386,5,F,NA,0,ES,
1008779,4,M,37,0,FI,
1012021,6,M,41,1,UK,
1002446,3,M,NA,1,ES,
1011398,4,M,39,0,NA,
1001988,5,M,37,0,SE,
1013122,7,F,41,1,NA,
1003109,5,F,36,1,NA,
1011386,2,F,42,0,IT,
1009756,4,F,35,1,IT,
1009826,4,F,38,0,SE,
1013370,6,F,50,0,DK,
1006820,6,F,29,NA,NL,
1008995,5,M,38,1,IT,
1007028,2,M,36,0,IT,
1005912,1,F,NA,1,NL,
1008460,3,F,45,1,SE,
1011209,5,M,48,0,SE,
1007108,4,F,40,1,NL,
1003142,6,F,33,1,ES,
1011587,5,F,31,1,FI,
1012043,4,M,46,0,NL,
1008667,5,M,41,0,UK,
1006070,4,M,NA,0,NA,
1007257,3,M,48,0,SE,
1006390,4,M,35,1,ES,
1006864,2,M,NA,1,NL,
1001487,3,F,40,1,SE,
1009162,5,M,34,NA,NA,
1005858,4,F,43,0,SE,
1005360,4,F,58,0,ES,
1001920,4,F,39,0,UK,
1007691,7,M,33,0,FI,
1002920,3,F,47,1,UK,
1011353,6,M,41,0,NL,
1001294,1,M,45,0,SE,
1012010,5,M,34,0,NL,
1011107,3,M,33,1,DK,
1008320,5,M,38,1,FI,
1003501,4,F,40,1,NL,
1014002,8,M,42,0,BE,
1007054,7,F,38,0,IT,
1008693,3,M,36,1,ES,
1013707,6,M,40,1,UK,
1011823,9,M,34,0,FI,
1008050,3,M,45,0,DK,
1011571,3,F,40,1,BE,
1011182,3,M,39,1,IT,
1011799,3,F,41,0,UK,
1006481,4,F,51,1,DK,
1009127,3,F,47,0,IT,
1003626,6,F,51,0,ES,
1004586,2,M,49,0,NL,
1013853,4,M,37,0,IT,
1013037,4,M,50,0,DK,
1012521,4,M,NA,0,BE,
1001961,5,F,39,0,BE,
1003038,3,M,38,0,FI,
1005496,7,F,41,NA,SE,
1009080,4,F,39,0,NL,
1007415,5,M,39,0,IT,
1013744,3,F,42,1,NA,
1010636,5,M,40,0,NL,
1001492,2,M,39,1,IT,
1007247,3,M,42,NA,NL,
1010904,3,M,42,1,ES,
1005239,4,M,37,0,DK,
1012275,8,F,38,0,FI,
1013465,4,M,41,1,SE,
1006776,6,F,37,1,SE,
1006535,3,M,39,1,SE,
1013273,3,M,42,0,FI,
1012357,3,M,36,0,UK,
1004494,3,M,34,NA,BE,
1003075,3,M,45,1,ES,
1013993,7,M,28,1,SE,
1007844,2,F,38,1,ES,
1000885,6,F,39,0,NL,
1003203,3,F,39,0,NL,
1007428,5,M,40,NA,DK,
1005891,7,F,45,0,BE,
1011336,5,M,41,0,ES,
1008076,2,M,36,0,DK,
1005031,3,F,43,1,BE,
1001338,3,F,29,0,NL,
1014018,2,F,43,1,ES,
1002726,4,M,36,0,DK,
1002300,5,M,38,0,UK,
1004948,5,M,43,0,NL,
1009959,5,F,45,1,DK,
1007222,6,F,44,1,SE,
1005719,1,M,43,0,DK,
1008532,5,F,40,NA,UK,
1007525,8,F,38,0,NA,
1009765,6,F,31,1,UK,
1008515,9,F,51,0,ES,
1011239,3,F,35,0,NL,
1012258,3,F,46,0,UK,
1007955,3,F,NA,0,NL,
1007729,4,F,33,NA,UK,
1011812,5,M,39,NA,SE,
1006373,1,M,42,0,IT,
1005811,2,M,42,1,FI,
1013069,5,F,44,0,UK,
1002478,1,F,39,0,BE,
1011597,6,F,42,0,BE,
1003608,6,F,50,1,DK,
1004131,6,F,39,0,SE,
1006910,2,M,40,1,NA,
1009920,4,M,41,1,SE,
1001029,2,F,44,NA,BE,
1004999,3,M,NA,0,UK,
1013990,5,M,NA,0,FI,
1007154,4,F,40,1,DK,
1000621,5,M,49,0,SE,
1007824,2,F,41,1,NL,
1008285,6,F,40,1,DK,
1013095,3,M,NA,1,DK,
1009563,3,M,33,1,ES,
1008627,4,M,40,1,DK,
1005038,8,M,39,NA,FI,
1002418,5,M,53,1,IT,
1008936,5,M,41,1,ES,
1004395,1,M,33,1,UK,
1002882,2,F,45,1,IT,
1006314,3,M,37,0,NL,
1013109,2,M,41,1,FI,
1003045,4,M,45,1,NA,
1011442,5,F,44,0,SE,
1001180,3,F,45,0,SE,
1009169,5,F,43,0,IT,
1007339,2,M,44,1,NA,
1012688,4,M,37,1,UK,
1011835,4,F,34,0,FI,
1012244,2,M,43,0,SE,
1008453,3,F,49,1,SE,
1008616,5,F,48,1,SE,
1002204,4,M,45,0,UK,
1010084,4,M,48,1,DK,
1010913,1,M,NA,1,BE,
1004841,2,M,40,0,NL,
1002169,5,M,42,NA,FI,
1006046,5,M,39,0,IT,
1011539,5,M,NA,1,SE,
1006462,2,F,46,1,UK,
1005500,4,F,39,1,ES,
1000475,3,M,42,1,NA,
1010533,2,F,40,0,SE,
1003553,3,F,43,NA,DK,
1006090,2,M,34,0,DK,
1010136,4,F,40,1,DK,
1007553,4,M,38,0,NL,
1008032,1,F,35,NA,ES,
1009005,2,M,40,1,DK,
1010856,3,M,40,1,NL,
1007277,2,F,37,0,UK,
1001619,6,M,35,0,ES,
1005397,8,F,46,0,NA,
1012654,3,F,41,1,NA,
1000214,3,M,46,1,FI,
1002327,5,M,34,1,SE,
1013584,1,M,32,1,UK,
1005643,7,F,46,1,IT,
1006555,2,F,47,1,IT,
1006043,4,M,41,0,SE,
1009099,1,M,40,0,BE,
1012421,2,M,34,0,IT,
1005452,6,F,48,NA,DK,
1006348,2,F,45,0,NL,
1007250,6,M,35,0,ES,
1011866,1,M,38,1,NL,
1003633,8,M,44,1,SE,
1002103,2,M,36,1,NA,
1011163,5,M,37,1,FI,
1012174,3,F,42,1,ES,
1012608,4,F,35,0,IT,
1013460,7,F,NA,0,NL,
1003600,1,F,38,0,NL,
1001849,1,M,46,0,BE,
1008143,3,F,42,1,IT,
1000011,2,F,38,0,NL,
1011439,2,F,34,1,NA,
1013268,1,M,42,0,SE,
1008848,3,F,41,0,DK,
1010964,2,F,40,1,NA,
1013515,6,F,NA,1,NA,
1013480,3,M,42,NA,DK,
1006933,5,F,42,0,NL,
1001501,5,F,33,1,SE,
1005609,5,F,32,1,NL,
1006691,5,M,37,0,ES,
1009590,4,F,46,1,SE,
1013641,5,M,NA,1,FI,
1009102,5,M,38,1,SE,
1008034,2,F,42,0,BE,
1006717,3,F,38,0,DK,
1011319,5,M,37,1,BE,
1013625,4,M,44,0,ES,
1005784,3,F,42,0,FI,
1008674,3,M,36,0,IT,
1003216,6,M,43,1,NL,
1008019,4,F,43,1,NL,
1010213,7,M,36,1,NA,
1004261,3,M,44,1,UK,
1007374,3,F,51,1,ES,
1010140,5,F,40,1,BE,
1009981,6,F,39,1,SE,
1001990,2,F,41,NA,DK,
1007436,4,F,39,1,FI,
1009739,4,M,37,0,BE,
1009402,8,F,44,0,SE,
1006329,3,M,NA,1,NA,
1005625,5,M,39,1,UK,
1006315,3,F,29,0,NL,
1013692,3,M,34,1,UK,
1002487,7,M,48,1,FI,
1004376,4,F,38,0,IT,
1008218,3,M,45,1,UK,
1007047,3,F,NA,0,BE,
1008513,3,F,39,1,ES,
1002177,3,F,55,1,NA,
1004500,4,M,45,0,IT,
1010371,2,F,41,1,FI,
1011036,5,M,44,0,NA,
1000611,3,M,36,NA,NL,
1012181,2,F,43,0,ES,
1003265,7,F,45,1,SE,
1013311,5,M,NA,0,BE,
1012595,6,F,42,0,SE,
1008148,5,M,40,0,NA,
1011486,2,F,NA,0,UK,
1012803,5,F,42,0,UK,
1011985,4,F,36,NA,FI,
1005135,4,M,NA,0,BE,
1000789,2,F,26,0,NL,
1004532,3,F,29,0,IT,
1001006,2,F,38,0,BE,
1010567,4,M,39,1,ES,
1012092,8,F,35,NA,BE,
1013359,5,F,35,0,DK,
1005806,4,F,41,1,SE,
1011814,3,F,37,NA,FI,
1004701,1,F,54,0,FI,
1006825,6,F,42,0,ES,
1011848,2,M,42,1,SE,
1010308,2,M,NA,1,SE,
1000602,8,F,41,1,DK,
1003976,5,M,39,1,IT,
1011055,4,M,48,NA,BE,
1011702,4,M,39,0,IT,
1012893,7,F,48,NA,DK,
1008763,4,F,43,1,IT,
1001746,7,F,40,1,NA,
1013794,3,M,30,0,IT,
1006478,6,F,36,0,UK,
1001687,2,F,39,0,FI,
1013661,1,M,38,1,ES,
1001304,3,M,NA,0,ES,
1010798,4,M,NA,1,NL,
1001513,4,M,41,0,DK,
1004240,2,M,41,0,FI,
1004381,5,M,37,1,ES,
1003114,3,M,46,1,BE,
1013386,1,M,40,1,NL,
1002043,6,M,34,0,UK,
1008511,4,F,34,1,SE,
1013241,5,F,35,NA,NL,
1002903,4,M,45,1,NL,
1010317,1,M,41,0,BE,
1011380,3,M,48,NA,NL,
1001851,6,F,41,1,NL,
1000090,6,F,40,1,IT,
1006887,5,F,44,0,NL,
1008866,4,M,32,1,NL,
1012960,1,M,43,0,DK,
1005788,6,F,47,1,SE,
1012530,4,F,42,0,NL,
1005320,6,M,45,0,IT,
1000159,5,M,44,1,IT,
1012335,3,F,41,1,ES,
1005588,3,F,42,0,NL,
1012022,3,F,38,1,SE,
1010661,6,F,49,1,FI,
1008057,6,M,43,0,FI,
1011027,3,M,47,1,NA,
1003034,2,M,36,NA,ES,
1009990,2,M,40,1,SE,
1001733,3,M,37,0,SE,
1003766,9,F,32,0,IT,
1007531,1,M,38,1,SE,
1004439,2,M,40,0,NA,
1002631,3,F,NA,0,UK,
1011457,5,F,42,1,SE,
1005750,5,F,45,1,BE,
1012624,4,M,44,1,FI,
1005616,2,M,41,1,BE,
1006711,4,M,41,1,SE,
1008858,4,M,37,1,IT,
1010355,2,M,41,1,UK,
1010586,8,F,41,1,NL,
1010613,2,F,39,0,IT,
1006358,2,M,40,1,BE,
1004262,2,F,45,1,FI,
1000279,4,M,38,1,FI,
1013764,4,M,45,1,IT,
1007011,3,M,31,1,UK,
1002059,2,M,38,0,SE,
1006975,6,M,47,1,IT,
1000339,3,F,45,1,FI,
1012938,3,F,43,0,SE,
1007805,2,M,41,NA,DK,
1008749,5,M,41,0,IT,
1012850,5,F,42,1,FI,
1011432,5,M,41,NA,IT,
1006108,6,F,NA,0,BE,
1003653,2,F,40,1,IT,
1009097,4,F,38,1,NA,
1004190,5,M,47,0,IT,
1009276,3,M,43,1,NA,
1008149,6,F,39,1,SE,
1014086,3,F,50,NA,DK,
1009123,5,M,48,0,DK,
1005366,4,M,39,1,SE,
1000110,5,F,41,0,FI,
1001436,5,F,37,0,IT,
1009923,3,F,35,1,NA,
1009560,1,F,35,1,SE,
1011730,5,M,38,0,NL,
1004305,5,M,37,0,UK,
1013253,2,F,43,NA,SE,
1003835,4,F,38,1,NA,
1000102,1,M,34,1,DK,
1003796,3,M,38,NA,UK,
1007973,6,M,46,NA,IT,
1008319,2,M,44,0,DK,
1002715,4,M,45,0,NA,
1008371,5,M,NA,1,FI,
1005901,7,M,38,1,IT,
1005407,3,M,36,1,FI,
1006763,8,M,41,0,SE,
1000180,4,F,47,1,FI,
1006118,1,F,38,0,BE,
1003041,4,F,43,0,BE,
1013841,5,F,39,1,ES,
1011465,3,M,39,1,UK,
1006839,4,F,46,1,ES,
1007211,5,M,31,1,NL,
1002220,6,M,50,0,NA,
1010283,3,F,43,1,NA,
1003330,3,M,38,NA,BE,
1008278,6,F,44,0,ES,
1005415,6,M,43,1,SE,
1004744,5,M,38,1,NA,
1007205,4,F,38,1,NL,
1013210,5,M,41,1,NL,
1007311,2,F,NA,0,NA,
1010652,1,F,48,0,IT,
1007399,3,M,40,0,NL,
1005655,2,M,48,1,BE,
1001975,3,M,42,NA,NA,
1010733,3,M,49,1,NL,
1012094,6,F,48,NA,UK,
1013889,4,F,45,0,UK,
1013878,1,M,47,0,BE,
1001832,2,F,50,1,BE,
1007265,6,M,51,1,FI,
1005570,5,M,38,0,DK,
1010101,3,M,37,1,BE,
1000956,6,M,37,1,NA,
1009771,7,F,38,1,IT,
1001938,6,F,38,1,ES,
1008896,3,M,43,0,SE,
1009596,7,M,37,1,UK,
1000782,2,M,36,1,FI,
1001496,4,F,41,0,SE,
1006228,5,M,47,0,UK,
1004109,6,F,NA,1,NA,
1013783,4,F,35,0,IT,
1006379,1,M,NA,1,SE,
1009411,5,M,48,0,NL,
1010377,4,F,43,1,NA,
1003135,2,M,39,0,SE,
1009781,4,F,42,1,DK,
1009220,2,F,40,1,NA,
1008428,2,F,42,1,UK,
1005003,7,M,NA,0,SE,
1011173,4,M,47,NA,FI,
1005261,2,F,40,1,DK,
1010478,4,F,51,NA,FI,
1012831,5,F,35,1,SE,
1011481,7,M,44,1,FI,
1008587,4,M,NA,1,DK,
1011204,4,F,42,1,SE,
1002550,3,F,33,1,IT,
1013819,3,F,34,1,UK,
1012391,2,M,NA,0,SE,
1003937,5,M,NA,0,NL,
1012712,6,M,NA,NA,NA,
1010616,5,F,43,0,NA,
1009359,2,F,38,1,BE,
1004058,4,F,43,1,DK,
1001370,3,M,44,NA,ES,
1013116,3,M,31,1,FI,
1003730,12,M,41,1,BE,
1013595,2,M,43,1,DK,
1012871,9,M,38,1,SE,
1000330,3,F,43,NA,FI,
1005158,5,M,46,0,IT,
1012572,6,F,46,1,UK,
1003871,5,F,53,0,IT,
1007871,5,M,NA,0,SE,
1007410,6,M,48,0,UK,
1010593,2,M,38,0,ES,
1009864,3,M,46,1,NA,
1009505,6,F,43,0,SE,
1012883,2,F,NA,0,NA,
1009702,2,F,39,1,NL,
1007755,3,M,29,0,BE,
1012728,4,F,41,1,NL,
1012484,4,M,43,1,BE,
1008915,6,M,34,1,BE,
1003555,2,M,45,0,UK,
1011459,4,F,38,0,IT,
1005403,6,F,33,1,NL,
1012586,4,F,36,1,FI,
1006770,3,F,36,1,DK,
1012161,4,M,51,0,ES,
1000290,6,F,43,1,SE,
1000962,4,F,35,1,SE,
1009196,3,F,38,1,IT,
1009494,5,F,48,0,FI,
1007405,2,M,45,0,FI,
1005131,7,M,43,1,NA,
1006726,4,M,45,0,DK,
1003592,5,M,NA,0,SE,
1005797,5,M,41,0,UK,
1001405,3,F,39,0,DK,
1013956,5,M,44,0,UK,
1005476,2,F,43,1,ES,
1003335,2,F,37,1,ES,
1000141,5,F,NA,0,IT,
1012629,5,F,35,0,BE,
1001787,4,F,40,0,FI,
1002727,2,F,37,1,SE,
1009942,5,F,42,0,SE,
1013206,4,M,37,1,ES,
1000471,2,F,40,1,ES,
1001545,2,F,44,NA,NA,
1013486,7,M,44,0,NA,
1008208,8,F,NA,0,FI,
1006387,3,M,37,0,IT,
1010225,5,F,38,1,NA,
1013908,6,F,36,0,FI,
1011808,4,M,35,1,UK,
1011402,3,F,NA,1,NL,
1010147,4,M,41,1,FI,
1011234,6,F,47,0,BE,
1000679,6,M,37,0,FI,
1002655,4,F,48,1,ES,
1003812,4,F,NA,0,FI,
1001445,6,M,41,0,NL,
1003478,3,F,42,1,BE,
1009966,2,F,44,1,FI,
1005559,3,M,35,1,ES,
1010635,4,M,50,0,DK,
1012087,7,F,39,0,BE,
1004340,4,M,38,1,IT,
1000660,5,M,39,0,UK,
1009730,2,F,35,0,NL,
1003797,2,F,45,0,BE,
1002199,2,M,35,1,UK,
1004514,3,M,41,0,ES,
1004360,4,F,37,1,BE,
1001348,3,F,38,0,NA,
1004590,2,F,NA,0,NL,
1010141,4,F,39,0,IT,
1007049,5,M,54,1,ES,
1013731,4,F,36,0,NA,
1011918,6,M,NA,1,FI,
1002872,2,F,41,1,BE,
1012781,3,F,31,1,IT,
1013804,3,F,39,1,IT,
1013996,3,F,37,1,NA,
1012895,3,F,41,1,DK,
1013675,2,M,43,0,DK,
1001223,8,F,42,1,UK,
1001226,3,F,43,1,NA,
1002989,5,M,35,1,NL,
1009472,3,M,43,1,ES,
1009082,7,F,44,0,SE,
1011828,6,F,49,0,IT,
1005674,3,F,32,NA,SE,
1013501,4,F,42,1,IT,
1003577,4,F,46,0,DK,
1013507,2,M,41,0,SE,
1005822,9,M,36,0,FI,
1010433,5,M,44,0,FI,
1001637,4,F,47,1,NL,
1001681,4,F,39,0,NL,
1013322,9,M,45,NA,FI,
1004578,2,F,NA,0,NL,
1002475,4,M,34,0,BE,
1010013,6,F,43,0,FI,
1005699,3,F,39,NA,IT,
1009016,6,F,48,1,SE,
1001392,4,F,38,0,IT,
1011545,5,F,44,0,FI,
1011290,2,F,44,1,NA,
1003598,4,F,38,0,FI,
1011729,2,M,39,0,IT,
1012597,3,F,48,0,SE,
1004564,5,M,42,0,UK,
1012859,1,F,39,0,ES,
1001697,4,F,NA,0,SE,
1000596,6,F,40,NA,ES,
1005945,6,M,47,1,FI,
1002176,2,M,39,0,NL,
1006643,5,F,43,0,IT,
1004238,2,F,47,NA,DK,
1002364,3,M,37,1,NA,
1010734,2,F,44,1,IT,
1009685,8,F,NA,1,FI,
1004657,2,F,42,1,NA,
1005317,9,F,41,0,UK,
1012050,5,F,36,0,SE,
1009541,4,M,42,1,NL,
1007754,4,M,32,0,BE,
1010839,3,M,55,0,ES,
1011695,5,F,37,0,ES,
1013652,6,M,43,0,IT,
1009656,5,F,46,NA,FI,
1008192,5,F,38,0,DK,
1007875,5,F,45,1,SE,
1012065,5,F,35,1,DK,
1013409,2,F,43,0,IT,
1008422,5,F,28,1,FI,
1009492,3,M,38,1,BE,
1009841,4,M,37,0,DK,
1009518,5,F,44,0,SE,
1007100,2,F,45,0,UK,
1002559,3,F,41,1,UK,
1007516,3,F,44,1,UK,
1014055,3,M,36,0,UK,
1010694,4,M,30,1,UK,
1001933,4,M,41,1,UK,
1003322,4,M,41,1,FI,
1003710,4,F,41,0,FI,
1004775,5,M,40,0,ES,
1006312,5,M,39,1,SE,
1005840,5,F,43,0,DK,
1005379,4,F,43,0,SE,
1000760,5,F,46,1,DK,
1009108,8,M,39,1,FI,
1000540,4,M,NA,1,DK,
1012951,6,M,39,1,DK,
1004630,3,F,46,1,NL,
1004379,5,F,39,0,SE,
1011023,3,F,34,1,DK,
1003858,3,M,44,0,NA,
1012041,6,M,37,1,NL,
1002909,4,F,35,1,FI,
1002705,5,M,38,1,NL,
1008887,3,M,NA,0,NL,
1011994,4,M,37,0,IT,
1012431,3,M,41,0,FI,
1009357,3,F,46,1,DK,
1013141,3,M,43,1,IT,
1013062,4,F,45,NA,NL,
1002990,4,F,42,1,NL,
1004102,5,F,49,1,SE,
1003636,7,M,48,1,NA,
1008931,4,F,40,NA,FI,
1004931,2,M,36,1,NL,
1013059,3,M,NA,0,DK,
1003128,10,M,NA,1,NA,
1000380,3,M,49,NA,ES,
1007497,4,F,37,0,DK,
1011355,3,M,35,NA,ES,
1006610,6,F,46,0,FI,
1009292,4,M,40,0,IT,
1003207,3,F,40,1,NA,
1005617,6,M,34,0,NA,
1013715,4,F,43,1,FI,
1002417,4,F,43,1,NA,
1008054,7,M,30,0,NA,
1010178,5,M,NA,0,ES,
1007706,2,M,NA,NA,ES,
1000091,5,M,28,1,NL,
1013982,5,F,42,1,NA,
1006504,5,F,NA,0,BE,
1005385,4,F,NA,0,NA,
1011521,6,M,30,0,FI,
1006107,1,M,41,1,DK,
1004035,4,M,26,1,SE,
1001464,2,M,37,0,BE,
1006258,4,M,37,0,BE,
1005428,5,M,42,NA,BE,
1009135,3,M,32,1,NL,
1012738,1,M,32,1,DK,
1003949,6,M,51,0,NL,
1013780,5,M,44,1,DK,
1011726,4,F,39,1,ES,
1008730,5,M,37,1,ES,
1004672,5,F,35,NA,SE,
1012524,6,F,34,1,SE,
1010400,5,M,42,NA,FI,
1005325,3,M,41,NA,UK,
1011002,4,F,31,1,ES,
1003327,3,M,38,0,SE,
1008071,7,F,34,0,FI,
1009784,4,M,46,NA,BE,
1006789,6,F,49,1,ES,
1000799,5,F,NA,0,SE,
1010085,3,M,NA,1,FI,
1010067,3,F,42,1,DK,
1004009,6,F,47,0,DK,
1010564,10,M,50,0,NA,
1002124,6,M,50,NA,BE,
1010591,2,F,35,1,ES,
1004291,5,F,39,0,DK,
1005282,2,M,47,0,NA,
1001347,3,M,38,NA,FI,
1005475,5,M,37,0,NL,
1001612,1,F,39,1,DK,
1000392,3,M,41,0,NL,
1005208,8,M,43,0,IT,
1007423,2,F,39,0,IT,
1006592,3,F,38,1,SE,
1004294,7,M,38,1,IT,
1012931,2,M,47,0,IT,
1011262,4,F,40,1,NL,
1004324,7,F,34,NA,IT,
1005178,3,F,39,0,SE,
1012765,8,M,41,1,IT,
1000676,2,F,40,1,ES,
1013088,5,M,36,0,DK,
1009637,3,F,41,0,UK,
1009597,1,F,43,0,DK,
1007438,6,F,42,1,IT,
1012752,4,M,39,1,NA,
1008585,4,F,34,1,SE,
1007176,6,M,NA,0,UK,
1003448,7,M,38,1,SE,
1005684,5,M,36,1,DK,
1002821,3,M,36,1,FI,
1012342,7,F,39,1,FI,
1001397,4,M,40,0,DK,
1009235,4,F,NA,0,BE,
1002965,4,M,43,0,NL,
1010189,4,M,41,0,UK,
1012036,4,F,NA,1,ES,
1005664,8,M,43,NA,NL,
1012902,4,M,40,0,IT,
1004184,2,F,47,NA,UK,
1003489,3,F,44,1,ES,
1004912,4,F,43,0,DK,
1009354,3,F,44,0,SE,
1007910,2,F,41,1,NL,
1005433,4,F,42,0,FI,
1003959,5,F,36,0,NA,
1001449,4,F,42,1,NL,
1012613,3,M,35,NA,NA,
1009887,2,M,37,0,FI,
1009908,1,M,38,1,UK,
1009823,3,F,NA,0,BE,
1012437,2,M,39,1,ES,
1005648,2,M,42,0,UK,
1001213,2,M,35,0,FI,
1013691,3,M,38,1,NA,
1004919,5,F,48,1,NA,
1011212,1,M,42,0,DK,
1009735,4,F,40,0,DK,
1004726,5,F,32,0,NL,
1008909,4,M,38,NA,ES,
1011874,6,F,42,0,DK,
1004248,3,M,33,0,SE,
1004980,3,F,NA,NA,FI,
1006241,2,M,42,0,ES,
1004490,5,F,34,1,FI,
1002115,1,M,50,0,SE,
1005513,3,M,27,1,DK,
1003645,2,F,32,1,ES,
1006565,4,M,39,0,NA,
1004237,5,M,29,0,BE,
1011396,4,M,49,0,SE,
1011986,3,M,38,1,NA,
1012099,7,F,40,1,UK,
1002890,1,M,37,1,SE,
1012167,5,F,41,0,IT,
1011819,2,F,37,1,BE,
1009524,7,M,38,0,ES,
1001483,7,M,40,1,UK,
1000036,2,F,43,1,FI,
1003405,6,F,33,1,NL,
1001590,2,F,45,1,SE,
1005610,1,F,NA,0,UK,
1005494,6,F,38,NA,BE,
1000586,4,M,37,1,BE,
1001753,6,F,32,0,UK,
1009039,3,M,43,1,UK,
1000834,2,M,42,1,SE,
1005810,9,M,41,0,SE,
1002895,3,M,41,1,SE,
1005808,6,M,33,1,NA,
1013809,5,M,40,NA,NL,
1006105,2,M,35,0,NL,
1002777,6,F,43,0,BE,
1007796,2,F,32,0,ES,
1006667,2,F,43,1,SE,
1001747,3,F,40,NA,IT,
1009523,4,F,39,1,DK,
1013935,4,F,45,1,IT,
1007499,7,F,45,NA,SE,
1009294,1,F,56,0,FI,
1014031,2,M,51,0,NL,
1009083,5,M,40,1,NL,
1001322,4,F,41,NA,NA,
1009646,4,F,NA,0,NL,
1012259,4,M,46,NA,ES,
1007313,7,M,41,NA,NL,
1000342,2,M,45,1,FI,
1011288,3,M,NA,0,ES,
1007295,5,M,44,0,IT,
1003776,5,F,41,1,BE,
1007323,6,M,41,0,FI,
1009438,6,F,40,0,ES,
1013518,6,M,40,0,NL,
1008516,2,F,34,1,BE,
1009501,5,M,42,1,FI,
1001448,6,M,46,1,DK,
1009531,2,M,38,1,DK,
1012491,2,F,37,1,BE,
1006807,2,M,36,1,FI,
1001260,5,F,33,0,NL,
1006259,4,F,36,1,BE,
1002469,4,M,46,NA,SE,
1009840,5,M,46,1,FI,
1009101,3,F,37,0,ES,
1000384,3,F,36,1,UK,
1004271,3,M,42,0,FI,
1005896,6,M,38,0,BE,
1010127,3,M,42,0,IT,
1013428,2,F,51,NA,DK,
1013929,5,F,40,0,NL,
1000176,2,F,41,NA,NL,
1012498,4,F,43,1,ES,
1001888,4,F,38,1,ES,
1005422,6,M,38,1,ES,
1000503,8,M,43,0,UK,
1007927,4,F,39,1,NL,
1011053,3,M,36,1,IT,
1006018,4,M,43,1,FI,
1009490,5,F,44,NA,NA,
1011424,1,F,45,1,ES,
1000567,4,F,39,1,NL,
1009680,3,F,34,0,UK,
1009337,4,F,36,1,DK,
1005008,3,F,NA,1,DK,
1006913,4,F,35,0,UK,
1010196,2,F,41,1,NL,
1007885,3,F,46,1,SE,
1004614,3,F,42,1,ES,
1003622,4,F,44,1,NL,
1006673,5,F,45,1,DK,
1010312,6,F,40,NA,FI,
1004006,5,F,NA,0,UK,
1004497,3,M,43,0,DK,
1009843,6,M,39,0,UK,
1007768,7,F,41,0,IT,
1007831,3,M,43,1,NA,
1003175,3,F,35,NA,IT,
1002755,2,M,36,1,BE,
1000200,2,F,35,NA,NA,
1005350,2,M,41,0,NL,
1007291,4,M,41,1,BE,
1003585,1,M,44,0,FI,
1011378,4,M,42,0,DK,
1006441,5,F,53,1,NA,
1006824,2,F,33,0,IT,
1002863,5,M,37,0,NA,
1008794,2,M,42,0,FI,
1002174,2,F,39,1,ES,
1012148,4,F,38,1,SE,
1009303,4,M,39,0,ES,
1007190,7,F,44,1,UK,
1011609,5,F,35,1,IT,
1002367,4,F,38,1,UK,
1001919,3,M,46,1,NA,
1009906,4,F,45,0,ES,
1003811,10,M,41,0,DK,
1006248,3,F,22,1,FI,
1008455,4,M,42,0,ES,
1002928,3,F,50,0,IT,
1004042,3,F,40,1,SE,
1011651,5,F,38,1,NA,
1008933,3,M,35,0,SE,
1012014,3,M,43,1,NL,
1012223,5,M,47,1,DK,
1008494,8,M,39,1,NL,
1008539,5,M,NA,0,UK,
1011638,5,M,33,0,ES,
1010583,2,F,44,1,UK,
1010126,4,M,41,0,SE,
1008099,2,M,41,1,NA,
1008288,6,F,40,1,FI,
1002173,3,F,42,0,NA,
1006841,10,F,37,0,NA,
1002122,6,M,35,0,IT,
1012978,2,M,40,0,NL,
1006402,8,F,47,1,SE,
1000674,4,M,47,0,FI,
1002077,2,M,40,0,SE,
1012493,5,F,40,1,ES,
1010357,3,F,46,1,NL,
1003270,4,F,39,0,SE,
1002282,5,F,43,1,NA,
1008463,6,M,34,0,FI,
1001424,4,M,40,1,UK,
1006438,5,F,41,0,FI,
1007451,7,M,43,1,IT,
1005776,3,M,44,0,BE,
1000123,2,M,40,1,FI,
1007728,6,F,36,1,NA,
1013717,3,F,37,0,SE,
1006543,6,M,33,0,UK,
1010505,4,M,41,1,DK,
1001676,5,F,39,0,FI,
1003569,3,M,43,1,ES,
1001218,4,M,NA,1,IT,
1013161,4,M,39,1,DK,
1009018,4,F,38,0,DK,
1010412,7,F,35,1,UK,
1001669,5,M,38,0,DK,
1011147,6,F,36,NA,FI,
1005089,7,F,34,NA,FI,
1011273,2,F,44,1,BE,
1005796,4,F,38,1,UK,
1005055,6,M,43,0,ES,
1012700,9,M,47,NA,IT,
1009827,3,M,NA,0,ES,
1002967,6,F,35,NA,NL,
1007119,4,F,46,0,BE,
1011889,6,M,NA,0,BE,
1003440,4,F,44,NA,DK,
1010697,4,F,46,1,IT,
1007648,1,F,42,0,NA,
1012052,5,F,NA,1,FI,
1003631,6,F,45,0,SE,
1010882,5,F,38,NA,BE,
1008239,5,F,NA,0,DK,
1013134,3,M,32,0,ES,
1012885,5,M,47,0,SE,
1000707,2,M,42,1,ES,
1009179,6,F,52,NA,BE,
1011998,4,M,44,0,NA,
1008964,7,M,42,0,FI,
1008383,4,F,43,0,DK,
1007084,3,M,42,1,SE,
1005057,3,F,37,1,SE,
1010517,4,M,45,1,DK,
1010645,1,F,32,0,UK,
1007999,2,M,33,0,UK,
1004616,9,F,45,0,BE,
1010990,6,M,44,1,FI,
1000195,3,M,47,0,SE,
1012237,4,M,44,1,BE,
1005274,5,M,41,0,BE,
1007300,5,M,NA,1,UK,
1008686,4,M,NA,1,ES,
1013509,5,M,35,1,SE,
1002545,3,F,38,0,UK,
1005291,3,M,39,0,UK,
1012612,3,M,43,NA,SE,
1011122,4,F,39,1,IT,
1001593,4,F,46,NA,ES,
1011308,5,M,45,1,DK,
1000947,4,F,38,0,IT,
1010595,6,M,40,0,UK,
1004533,5,F,46,0,ES,
1008961,5,M,41,1,FI,
1011520,4,M,30,1,IT,
1011843,6,F,41,NA,NL,
1007348,4,F,44,1,NL,
1009769,2,F,46,1,IT,
1008408,1,M,47,0,NA,
1012899,3,F,38,1,IT,
1005772,4,F,42,1,BE,
1000556,6,F,41,1,FI,
1009612,4,M,32,0,DK,
1002983,8,M,41,1,BE,
1000763,3,M,43,1,SE,
1009859,2,M,42,0,ES,
1001760,9,F,40,1,ES,
1009896,3,F,42,0,NL,
1001106,4,M,32,0,NL,
1011022,2,M,NA,1,NA,
1002937,4,M,42,1,NL,
1004227,4,F,42,0,FI,
1004170,2,F,44,1,BE,
1011188,5,M,41,1,IT,
1010701,3,F,30,1,FI,
1012748,6,M,48,1,UK,
1001156,6,F,35,1,ES,
1011794,6,M,32,1,UK,
1001045,2,F,46,0,SE,
1004813,2,M,35,NA,UK,
1013768,8,F,32,1,NL,
1011213,6,M,45,0,DK,
1010105,6,M,36,1,FI,
1004100,3,M,39,1,ES,
1008064,6,F,40,0,NA,
1005120,4,F,44,0,SE,
1006562,2,M,35,NA,ES,
1011618,6,M,39,1,NA,
1007314,7,M,43,0,DK,
1002573,2,M,38,0,UK,
1001552,4,M,38,1,BE,
1013801,5,F,37,0,FI,
1000236,4,F,51,1,FI,
1007747,6,F,32,0,NL,
1010166,3,M,37,0,SE,
1000073,7,F,NA,1,DK,
1013685,4,F,40,0,FI,
1008958,3,M,43,0,IT,
1000918,3,F,51,1,IT,
1012334,2,M,NA,0,UK,
1002845,3,F,38,NA,DK,
1007957,2,F,41,0,UK,
1008447,4,F,41,0,BE,
1009477,6,M,40,1,NL,
1010820,6,F,36,0,DK,
1011010,5,M,34,0,FI,
1000851,4,M,41,0,UK,
1014008,4,M,45,0,SE,
1007834,5,M,44,0,DK,
1013860,4,F,49,1,FI,
1010264,3,M,39,1,ES,
1006634,5,M,39,NA,IT,
1006584,2,F,43,0,UK,
1011264,3,F,NA,1,BE,
1013198,2,F,40,0,DK,
1012995,5,M,40,NA,ES,
1009092,5,M,30,1,DK,
1010212,6,M,43,0,BE,
1000199,4,M,46,NA,IT,
1000359,4,F,52,0,UK,
1013364,3,F,36,1,BE,
1010962,7,F,33,NA,IT,
1010545,7,F,38,1,NL,
1011882,6,M,37,0,FI,
1007897,4,M,39,1,IT,
1013155,1,M,38,1,NA,
1002685,1,F,NA,0,FI,
1007281,4,M,41,1,NL,
1013243,7,F,43,0,NA,
1011790,3,F,45,1,FI,
1005925,4,M,40,NA,NA,
1004879,5,F,44,0,BE,
1012668,2,M,36,0,BE,
1008269,1,F,37,1,UK,
1012448,4,M,39,1,UK,
1008347,8,M,30,1,ES,
1011969,8,M,41,NA,BE,
1004923,3,F,NA,1,BE,
1007566,6,F,38,0,ES,
1005060,4,F,37,0,SE,
1009582,2,M,44,0,ES,
1004669,3,M,44,0,DK,
1013376,3,F,37,1,NL,
1006178,2,M,39,1,DK,
1004093,6,F,NA,1,NL,
1012085,3,M,31,0,NA,
1012717,6,F,45,0,UK,
1013380,6,F,36,1,NL,
1006347,2,F,31,1,NA,
1012177,5,M,40,0,SE,
1008940,5,M,43,0,NL,
1006002,2,M,43,1,IT,
1010121,6,M,34,1,BE,
1008722,3,M,48,1,ES,
1004486,4,F,37,1,UK,
1000398,5,M,40,0,DK,
1007968,5,M,36,1,FI,
1004040,3,M,NA,0,NL,
1000853,6,M,33,1,BE,
1007306,5,F,43,1,ES,
1012290,3,F,35,0,DK,
1006812,3,M,36,0,ES,
1011029,6,F,50,1,SE,
1009759,5,M,45,1,NL,
1008431,4,M,48,1,DK,
1010623,5,M,NA,1,BE,
1006015,3,F,41,1,UK,
1012347,2,F,38,1,UK,
1007693,2,M,39,1,BE,
1012914,2,M,NA,NA,ES,
1004130,2,F,36,0,NL,
1003703,5,M,28,0,NA,
1005876,6,F,45,0,DK,
1013723,2,M,38,0,SE,
1000095,7,F,50,0,ES,
1011377,4,M,54,NA,ES,
1002690,1,F,38,1,NA,
1010221,2,F,50,0,DK,
1003502,2,F,42,0,ES,
1003413,4,F,39,0,NL,
1010947,3,M,NA,0,NL,
1009304,5,F,NA,0,IT,
1006657,3,M,44,1,BE,
1009960,3,M,38,1,IT,
1012994,6,M,33,1,IT,
1006652,6,M,46,0,DK,
1000164,4,F,40,0,BE,
1011902,5,F,38,0,ES,
1000402,5,M,49,1,IT,
1000338,5,M,38,1,ES,
1008449,3,M,39,1,BE,
1008503,4,M,35,0,FI,
1003807,4,M,39,0,BE,
1004158,4,M,42,1,ES,
1012647,3,F,39,1,ES,
1001389,2,F,45,0,ES,
1007636,2,M,33,1,NL,
1010099,4,M,36,0,UK,
1005548,5,M,43,1,SE,
1006972,2,M,35,1,NL,
1003093,3,F,35,1,FI,
1002083,5,M,44,0,FI,
1003808,4,M,NA,1,SE,
1011839,5,M,38,0,SE,
1011844,3,F,38,1,ES,
1006214,3,M,38,0,BE,
1009309,3,M,47,0,UK,
1005930,3,F,38,0,BE,
1002997,9,M,37,1,IT,
1001819,2,M,34,1,IT,
1012320,3,F,39,0,FI,
1012500,4,M,44,1,ES,
1010742,2,M,NA,0,ES,
1012853,4,M,NA,0,NL,
1006919,4,M,33,1,IT,
1002984,6,M,46,0,NL,
1006737,4,M,40,1,IT,
1005053,6,F,35,1,DK,
1007752,2,M,45,0,DK,
1006731,1,M,39,1,FI,
1006335,4,M,40,1,FI,
1002651,3,F,NA,1,SE,
1009321,4,M,35,1,ES,
1010224,4,F,33,0,ES,
1011423,5,F,34,1,SE,
1009036,6,M,43,0,UK,
1006632,3,M,46,0,BE,
1000287,5,F,40,1,UK,
1000315,3,M,46,1,IT,
1003580,8,M,34,0,ES,
1013816,4,M,NA,0,NL,
1001575,7,F,41,1,SE,
1013224,4,F,43,0,SE,
1007971,3,M,47,1,SE,
1008495,5,M,47,1,UK,
1003357,5,F,46,1,NA,
1007629,5,F,59,1,IT,
1004606,3,M,41,1,SE,
1000795,3,F,37,0,DK,
1009921,3,F,43,0,SE,
1004452,7,M,38,0,ES,
1001081,2,M,48,0,SE,
1002883,2,F,42,NA,IT,
1013013,4,M,NA,0,ES,
1000267,3,F,43,NA,NL,
1001234,2,M,44,0,NL,
1003224,4,M,43,1,BE,
1008509,9,F,34,0,BE,
1010959,5,M,34,0,IT,
1010536,6,M,25,1,NL,
1013296,3,F,42,1,IT,
1009537,5,F,39,NA,DK,
1004220,4,F,36,1,NA,
1009414,3,M,NA,0,UK,
1007880,6,M,42,0,SE,
1004390,8,F,40,1,IT,
1000126,2,F,43,0,UK,
1003743,6,M,41,1,FI,
1002912,3,M,44,1,IT,
1001855,3,F,37,0,NL,
1000010,5,F,45,1,FI,
1005450,3,M,47,0,BE,
1010088,5,M,34,0,DK,
1013791,2,F,33,1,FI,
1009572,4,M,32,0,BE,
1003779,3,M,30,1,NL,
1013591,2,F,37,NA,NL,
1009674,2,M,30,1,FI,
1001834,2,F,37,1,NL,
1004687,1,M,42,1,DK,
1013479,3,M,41,0,BE,
1009931,5,M,NA,1,BE,
1002380,4,M,45,NA,NA,
1001198,8,M,39,0,BE,
1001328,4,F,51,0,ES,
1008508,7,M,NA,1,SE,
1013005,2,M,39,1,NL,
1012585,8,F,45,1,SE,
1003343,2,F,47,NA,DK,
1002942,3,M,35,0,FI,
1001107,3,F,38,0,NA,
1011046,5,F,36,0,DK,
1007342,5,F,NA,1,NA,
1013405,3,F,46,1,SE,
1004430,1,F,38,1,ES,
1008833,3,M,38,1,NA,
1000105,6,F,43,1,BE,
1013085,3,F,39,NA,ES,
1002152,3,M,33,1,BE,
1002223,3,M,27,0,SE,
1006224,6,M,43,NA,NL,
1009042,2,F,38,0,UK,
1008672,3,F,46,1,UK,
1003956,4,M,38,1,BE,
1001185,4,F,38,1,IT,
1013583,2,F,34,1,BE,
1002817,3,F,NA,0,ES,
1004769,8,M,43,NA,SE,
1007239,5,M,44,1,ES,
1005950,8,F,45,NA,DK,
1000747,5,M,44,0,BE,
1007081,6,F,NA,0,NA,
1008618,2,M,41,NA,IT,
1005328,6,F,NA,NA,FI,
1005348,5,F,NA,1,FI,
1003035,5,F,46,0,UK,
1003698,5,F,38,1,NL,
1006722,7,F,45,0,FI,
1000049,5,F,40,0,BE,
1010465,5,M,38,0,SE,
1010648,2,M,41,1,ES,
1003554,4,F,36,1,NA,
1002070,7,F,34,0,FI,
1000024,2,M,45,1,BE,
1000625,3,M,48,0,SE,
1010322,3,M,NA,1,FI,
1004920,4,M,41,1,BE,
1001306,4,M,43,1,NL,
1008414,5,M,44,NA,NA,
1012483,4,M,41,0,NL,
1005489,4,F,38,NA,UK,
1009866,4,F,33,1,DK,
1003296,7,F,45,0,UK,
1009308,6,F,35,0,SE,
1006130,6,M,45,1,IT,
1008123,5,F,38,0,SE,
1012773,6,M,NA,0,UK,
1004773,2,M,34,0,IT,
1012348,3,F,42,NA,FI,
1003777,2,F,46,0,DK,
1008172,4,F,49,1,IT,
1008737,5,M,36,1,NA,
1011051,4,M,47,0,BE,
1006856,2,F,34,0,ES,
1004088,2,M,29,1,SE,
1008731,7,M,45,NA,ES,
1000272,8,F,46,0,IT,
1002605,5,F,43,0,IT,
1009856,2,F,39,1,NA,
1003308,6,M,31,0,DK,
1006374,2,M,34,0,ES,
1004883,2,F,40,0,NA,
1001726,3,F,43,0,NL,
1002757,4,M,34,NA,SE,
1001049,8,M,48,0,DK,
1005108,2,M,43,0,IT,
1002676,5,M,39,1,DK,
1002056,2,M,39,0,ES,
1002587,2,F,45,NA,NL,
1005769,6,F,40,1,IT,
1013442,7,F,38,0,IT,
1010249,2,M,39,0,ES,
1008663,5,M,37,1,SE,
1013709,5,F,37,1,DK,
1001378,7,F,41,0,BE,
1011514,3,M,50,1,DK,
1013938,4,F,48,0,NL,
1003673,4,M,41,1,NL,
1000550,4,F,43,1,IT,
1012974,4,M,38,0,IT,
1007142,4,M,42,0,ES,
1008892,8,M,37,0,DK,
1001391,4,M,41,1,DK,
1010295,6,M,49,0,NA,
1006301,3,M,38,0,NL,
1009059,6,M,42,1,BE,
1001602,5,M,37,1,BE,
1004017,7,F,38,NA,BE,
1001209,9,M,42,0,FI,
1009441,2,M,39,1,NL,
1011132,3,F,37,1,SE,
1008617,4,M,33,0,SE,
1007401,6,F,42,1,FI,
1005187,4,M,46,NA,NL,
1012004,6,M,NA,1,SE,
1012768,3,M,42,NA,UK,
1002584,3,M,42,1,IT,
1008628,4,F,45,0,FI,
1002394,6,F,NA,1,IT,
1000738,6,F,39,0,NL,
1009454,2,M,43,0,ES,
1001076,6,M,45,1,FI,
1000040,3,F,44,NA,IT,
1000038,3,F,39,NA,BE,
1004234,4,F,44,NA,FI,
1007033,3,F,39,0,SE,
1004155,4,M,42,0,SE,
1007800,4,M,NA,1,BE,
1011000,3,M,36,0,DK,
1004865,6,M,35,1,ES,
1007983,2,M,47,0,FI,
1003893,8,F,44,0,DK,
1011200,6,F,46,0,ES,
1002479,5,F,37,0,DK,
1001895,3,M,44,0,FI,
1005659,4,M,37,0,DK,
1012460,6,F,35,1,BE,
1001788,5,M,NA,1,IT,
1006962,3,M,39,0,UK,
1003860,6,M,29,0,IT,
1003886,6,F,36,NA,FI,
1011425,3,F,54,0,BE,
1005874,2,M,NA,1,IT,
1000695,3,F,39,NA,UK,
1004478,6,M,38,0,DK,
1005605,6,M,39,0,FI,
1009203,6,F,31,1,IT,
1012025,5,M,38,0,ES,
1008127,4,M,36,NA,SE,
1011692,3,F,NA,0,FI,
1009350,3,M,NA,1,BE,
1007929,4,F,36,0,BE,
1007324,4,F,41,0,DK,
1005019,3,M,46,0,NA,
1008365,2,F,42,1,SE,
1013133,8,F,39,1,DK,
1012398,8,M,44,1,FI,
1007228,5,F,49,1,UK,
1005619,3,M,48,1,UK,
1012323,6,M,40,1,ES,
1004684,6,M,NA,1,ES,
1008271,3,F,46,1,IT,
1010096,5,F,38,0,NA,
1007507,2,M,47,0,ES,
1000641,2,M,42,NA,IT,
1009917,6,F,44,1,SE,
1005063,5,F,39,0,BE,
1011106,3,M,34,0,BE,
1012567,6,F,34,1,SE,
1006042,5,M,36,1,ES,
1003499,5,F,43,0,IT,
1003526,4,M,41,1,IT,
1011399,3,M,28,1,IT,
1008857,2,M,42,0,UK,
1011974,5,F,37,0,BE,
1010763,7,F,39,0,NA,
1004745,3,F,40,NA,FI,
1006566,5,F,35,0,ES,
1006089,4,M,46,0,ES,
1012298,3,F,32,1,NL,
1011979,3,M,45,1,IT,
1003923,3,M,41,0,UK,
1001614,2,M,45,0,SE,
1009187,4,F,53,1,SE,
1011146,5,F,NA,1,ES,
1006859,4,F,55,0,IT,
1013385,2,M,43,0,NL,
1013545,5,F,40,NA,FI,
1003112,5,M,44,1,DK,
1000490,4,M,42,0,SE,
1007611,8,F,40,1,IT,
1000055,5,F,37,1,BE,
1007009,4,F,44,0,NA,
1013682,2,M,35,1,ES,
1003338,5,M,41,1,BE,
1013813,2,M,38,0,NL,
1002763,4,M,40,1,NL,
1012027,4,M,41,0,UK,
1002053,2,M,40,NA,FI,
1007115,3,F,NA,0,FI,
1013526,4,F,40,1,BE,
1004282,4,F,40,1,SE,
1010125,4,M,37,1,BE,
1012152,4,M,42,1,BE,
1007869,1,F,44,NA,NL,
1011306,3,M,33,0,NL,
1012435,2,F,44,1,DK,
1002751,3,M,NA,1,NL,
1002510,3,M,43,0,BE,
1000568,4,M,46,0,SE,
1012384,3,F,39,1,NA,
1013699,3,F,38,0,IT,
1011124,4,F,44,0,NL,
1005646,6,M,47,NA,NL,
1011330,2,M,46,0,UK,
1007107,4,M,44,0,NL,
1010812,3,F,41,0,SE,
1003214,4,F,51,NA,UK,
1000535,6,M,33,0,NL,
1011172,4,M,48,1,IT,
1012569,1,M,30,0,SE,
1002008,4,M,34,0,SE,
1011061,6,F,39,1,IT,
1005295,3,F,41,1,FI,
1010548,1,F,39,0,DK,
1007767,9,F,46,0,NL,
1010376,3,M,40,1,NL,
1001791,8,M,29,1,NL,
1009546,6,M,36,0,ES,
1007210,2,F,35,1,IT,
1007639,3,M,40,0,SE,
1014088,4,M,NA,NA,SE,
1005073,5,F,39,1,NA,
1008551,3,M,35,0,UK,
1001931,5,F,36,1,UK,
1005988,3,F,36,0,ES,
1011919,3,F,35,1,UK,
1006006,7,F,41,1,UK,
1008743,2,F,41,0,UK,
1004983,2,F,43,1,NL,
1006570,5,F,NA,1,NL,
1011703,2,M,42,0,ES,
1006170,4,F,47,0,ES,
1011406,2,M,53,0,NL,
1006249,7,F,38,NA,IT,
1012427,4,M,NA,0,BE,
1000245,3,M,46,1,UK,
1011125,5,M,38,1,NA,
1003695,4,F,39,1,UK,
1013399,3,F,48,1,NA,
1007845,4,F,42,0,DK,
1009184,4,M,36,1,ES,
1007347,4,M,49,0,FI,
1013221,7,M,46,1,NL,
1009905,3,F,35,NA,DK,
1011566,4,F,40,1,NL,
1011613,4,M,46,1,NA,
1001730,5,F,43,0,UK,
1000283,6,M,39,1,ES,
1001224,2,F,47,NA,FI,
1004367,2,F,NA,1,NA,
1004331,6,M,43,1,NA,
1010898,5,M,NA,1,SE,
1006851,1,F,41,1,FI,
1008115,6,M,NA,0,UK,
1009773,2,F,47,1,ES,
1003480,6,F,36,1,NA,
1000805,3,F,32,0,UK,
1007719,4,F,NA,0,IT,
1005537,4,M,48,0,NA,
1002579,3,F,39,0,UK,
1010681,6,M,43,0,DK,
1008770,4,M,42,1,NL,
1005785,3,M,38,0,IT,
1004970,5,M,42,1,FI,
1001595,4,M,37,1,DK,
1005303,6,M,42,1,UK,
1008911,7,M,34,0,IT,
1002913,2,M,39,1,FI,
1006585,6,M,46,0,FI,
1012051,4,F,37,0,DK,
1004251,2,M,NA,0,DK,
1003575,2,F,30,1,SE,
1009899,3,F,49,0,ES,
1011625,5,F,36,1,FI,
1005883,3,M,41,0,NA,
1011746,4,F,NA,0,IT,
1011575,5,F,41,1,IT,
1011435,4,F,43,1,DK,
1002357,7,M,31,0,IT,
1010888,5,F,33,0,DK,
1002624,2,M,45,1,IT,
1000920,10,M,42,0,NA,
1000768,8,F,46,0,FI,
1008261,4,M,36,1,SE,
1013922,9,F,45,0,DK,
1006665,1,M,43,0,IT,
1005960,2,M,40,0,UK,
1004778,9,F,44,1,NA,
1005304,5,F,42,0,NL,
1012300,2,M,36,1,UK,
1000018,3,M,40,0,BE,
1003619,7,F,42,1,ES,
1012059,4,F,41,0,DK,
1009134,3,F,39,0,BE,
1005814,2,F,31,0,NL,
1004784,3,M,43,NA,UK,
1002695,6,F,39,0,ES,
1001365,3,M,43,NA,IT,
1002082,5,M,45,1,IT,
1000562,3,M,49,0,IT,
1004108,2,F,NA,0,NL,
1001184,3,M,35,0,IT,
1008928,6,F,38,0,IT,
1007266,5,F,48,1,FI,
1009146,6,F,47,1,ES,
1010944,2,M,46,0,NA,
1006408,4,M,43,0,ES,
1004272,4,F,NA,0,DK,
1012578,4,F,NA,0,NL,
1006007,2,M,36,1,ES,
1002802,3,M,42,1,UK,
1011535,4,M,39,0,IT,
1009964,2,M,45,1,UK,
1001337,4,M,52,1,UK,
1000286,8,F,28,1,ES,
1006360,3,F,41,0,NA,
1000457,5,M,37,1,NL,
1000988,5,M,46,NA,IT,
1003309,3,M,29,1,IT,
1008110,5,F,38,1,DK,
1003625,3,F,45,0,SE,
1011940,4,F,41,0,NL,
1003471,1,M,41,0,BE,
1004515,5,F,36,NA,UK,
1009850,4,M,38,0,BE,
1002582,2,M,40,1,FI,
1009918,8,M,37,1,NL,
1004662,7,F,40,1,BE,
1004519,2,F,37,NA,FI,
1007501,3,F,34,1,NL,
1010576,3,F,35,0,IT,
1003681,3,F,NA,0,ES,
1005371,2,F,35,1,BE,
1001553,4,F,43,1,DK,
1013293,3,M,45,1,ES,
1002102,4,M,37,0,DK,
1006021,3,F,39,0,BE,
1010755,3,M,35,1,ES,
1002657,4,M,46,1,IT,
1005288,3,F,37,NA,NA,
1003076,2,F,NA,0,IT,
1003623,3,F,23,1,BE,
1010821,2,F,52,1,IT,
1007610,4,F,52,0,SE,
1011688,4,M,NA,0,UK,
1002092,6,M,42,1,IT,
1013730,3,M,NA,1,IT,
1001165,5,M,44,0,FI,
1011348,4,F,39,0,SE,
1009744,3,M,36,NA,ES,
1012463,5,M,35,0,DK,
1007764,1,M,38,0,UK,
1010950,5,F,39,1,NL,
1000461,4,M,46,1,UK,
1010119,2,M,44,1,BE,
1010901,4,M,36,0,SE,
1001672,5,M,40,0,ES,
1005974,1,F,42,0,NA,
1005162,5,M,44,1,BE,
1009581,3,F,38,1,ES,
1000474,4,M,44,0,IT,
1012504,5,M,38,0,FI,
1003233,8,M,33,1,UK,
1005698,1,F,35,1,SE,
1009495,3,M,NA,0,FI,
1010279,4,M,35,0,FI,
1001560,3,M,45,0,DK,
1012346,5,F,39,0,ES,
1010044,4,M,40,1,DK,
1000351,3,M,NA,1,ES,
1000865,3,M,45,0,IT,
1001014,4,M,39,1,NL,
1011263,5,M,39,1,DK,
1003775,5,M,39,0,NA,
1000205,9,M,NA,1,NL,
1011635,3,F,42,0,NA,
1005356,4,F,42,1,FI,
1013354,3,F,40,0,UK,
1005005,5,M,46,1,DK,
1003105,3,M,33,0,NA,
1002688,2,M,47,NA,UK,
1006158,3,F,39,0,ES,
1012858,4,F,NA,1,NA,
1000837,3,F,35,0,NA,
1012525,2,M,42,1,IT,
1013360,4,F,38,1,BE,
1009416,4,F,53,1,NL,
1010902,2,M,32,0,NL,
1000454,3,M,37,1,SE,
1009993,5,M,40,1,NA,
1011856,6,F,37,0,IT,
1013924,1,F,NA,0,IT,
1010076,5,M,41,0,ES,
1000913,2,F,42,NA,SE,
1004667,6,F,40,0,UK,
1003039,3,F,NA,0,UK,
1005149,2,M,47,1,IT,
1009177,8,F,NA,0,IT,
1001227,4,F,NA,1,UK,
1009977,6,M,NA,1,UK,
1007561,3,F,36,1,FI,
1002700,3,M,38,0,NA,
1007456,5,F,47,0,FI,
1012268,2,M,47,1,BE,
1007320,4,M,40,1,BE,
1004039,1,M,48,0,BE,
1007385,5,F,46,0,ES,
1006106,5,F,42,0,UK,
1006909,6,M,37,0,FI,
1013599,7,F,46,0,UK,
1012866,3,F,33,1,BE,
1006929,5,F,39,1,NL,
1000271,5,F,35,1,BE,
1002167,4,M,39,1,DK,
1008984,3,M,28,1,DK,
1005197,5,M,NA,0,IT,
1006875,3,M,56,NA,SE,
1004143,4,F,42,1,ES,
1007851,3,F,46,1,NA,
1001437,6,F,39,0,UK,
1002303,4,F,40,0,UK,
1001956,3,F,37,1,NL,
1011181,1,M,41,1,FI,
1011351,7,F,40,NA,BE,
1007068,4,F,41,1,SE,
1007587,5,M,36,0,UK,
1006940,8,M,41,NA,ES,
1000900,3,M,43,1,ES,
1000067,2,M,47,1,BE,
1013388,3,F,38,0,FI,
1009932,2,F,NA,0,ES,
1010038,3,F,33,1,UK,
1003120,6,F,39,0,SE,
1001192,4,F,NA,0,IT,
1007757,3,F,46,0,IT,
1004583,6,M,NA,1,NA,
1006057,2,M,27,0,DK,
1003958,4,F,44,1,FI,
1008464,1,M,33,NA,NA,
1011479,5,F,45,0,DK,
1008095,5,M,35,NA,IT,
1000746,5,F,45,NA,ES,
1009649,5,F,NA,1,DK,
1005752,2,F,33,0,SE,
1004068,5,M,43,0,FI,
1001829,4,M,40,0,IT,
1006846,3,F,40,1,SE,
1012416,3,F,36,0,UK,
1012305,3,F,48,1,UK,
1012039,4,M,36,1,IT,
1009710,3,F,41,0,IT,
1004710,9,M,51,0,BE,
1000134,7,F,55,1,DK,
1012941,3,M,35,0,FI,
1004689,4,M,29,1,FI,
1001078,2,M,36,1,BE,
1000129,1,M,38,1,FI,
1001807,4,M,46,1,ES,
1003217,3,M,40,1,UK,
1002168,2,M,39,0,SE,
1009475,2,F,46,0,BE,
1000373,5,F,48,1,FI,
1009344,6,M,37,0,SE,
1002596,4,M,42,1,UK,
1007285,3,M,NA,0,ES,
1009715,4,F,35,NA,NL,
1012538,7,F,NA,1,FI,
1000615,4,M,48,0,UK,
1007461,2,M,41,1,UK,
